Date,Season,Week,Home,Away,FT,HomeGoals,AwayGoals,division,tier,totgoal,goaldiff,result,HT,hgoal_half,vgoal_half,half_totgoal,half_goaldiff,result_half,fans,neutral,HomeRedCards,AwayRedCards
2018-08-10,2018,1,MKE Ankaragucu,Galatasaray,1-3,1,3,T1,1,4,-2,A,1-2,1,2,3,-1,A,1,0,0,0
2018-08-11,2018,1,Fenerbahce,Bursaspor,2-1,2,1,T1,1,3,1,H,2-1,2,1,3,1,H,1,0,0,0
2018-08-11,2018,1,Caykur Rizespor,Kasimpasa,2-3,2,3,T1,1,5,-1,A,1-0,1,0,1,1,H,1,0,0,0
2018-08-11,2018,1,Sivasspor,Alanyaspor,1-0,1,0,T1,1,1,1,H,0-0,0,0,0,0,D,1,0,0,0
2018-08-12,2018,1,Basaksehir FK,Trabzonspor,2-0,2,0,T1,1,2,2,H,1-0,1,0,1,1,H,1,0,0,0
2018-08-12,2018,1,Konyaspor,BB Erzurumspor,3-2,3,2,T1,1,5,1,H,2-1,2,1,3,1,H,1,0,0,0
2018-08-12,2018,1,Goztepe,Yeni Malatyaspor,1-3,1,3,T1,1,4,-2,A,0-1,0,1,1,-1,A,1,0,2,1
2018-08-12,2018,1,Besiktas,Akhisarspor,2-1,2,1,T1,1,3,1,H,2-0,2,0,2,2,H,1,0,0,0
2018-08-13,2018,1,Kayserispor,Antalyaspor,2-0,2,0,T1,1,2,2,H,1-0,1,0,1,1,H,1,0,0,1
2018-08-17,2018,2,Trabzonspor,Sivasspor,3-1,3,1,T1,1,4,2,H,3-1,3,1,4,2,H,1,0,0,0
2018-08-18,2018,2,Antalyaspor,Konyaspor,3-3,3,3,T1,1,6,0,D,1-2,1,2,3,-1,A,1,0,0,1
2018-08-18,2018,2,Yeni Malatyaspor,Fenerbahce,1-0,1,0,T1,1,1,1,H,0-0,0,0,0,0,D,1,0,0,0
2018-08-18,2018,2,Bursaspor,Kayserispor,0-0,0,0,T1,1,0,0,D,0-0,0,0,0,0,D,1,0,0,0
2018-08-19,2018,2,BB Erzurumspor,Besiktas,1-3,1,3,T1,1,4,-2,A,1-0,1,0,1,1,H,1,0,0,0
2018-08-19,2018,2,Akhisarspor,Caykur Rizespor,1-1,1,1,T1,1,2,0,D,0-1,0,1,1,-1,A,1,0,1,0
2018-08-19,2018,2,Galatasaray,Goztepe,1-0,1,0,T1,1,1,1,H,1-0,1,0,1,1,H,1,0,0,0
2018-08-19,2018,2,Alanyaspor,MKE Ankaragucu,0-2,0,2,T1,1,2,-2,A,0-0,0,0,0,0,D,1,0,1,1
2018-08-20,2018,2,Kasimpasa,Basaksehir FK,2-1,2,1,T1,1,3,1,H,0-0,0,0,0,0,D,1,0,0,0
2018-08-24,2018,3,Caykur Rizespor,BB Erzurumspor,0-0,0,0,T1,1,0,0,D,0-0,0,0,0,0,D,1,0,0,0
2018-08-25,2018,3,Goztepe,Fenerbahce,1-0,1,0,T1,1,1,1,H,0-0,0,0,0,0,D,1,0,0,0
2018-08-25,2018,3,Kayserispor,Yeni Malatyaspor,0-0,0,0,T1,1,0,0,D,0-0,0,0,0,0,D,1,0,0,0
2018-08-25,2018,3,MKE Ankaragucu,Trabzonspor,2-2,2,2,T1,1,4,0,D,1-1,1,1,2,0,D,1,0,0,0
2018-08-26,2018,3,Sivasspor,Kasimpasa,0-3,0,3,T1,1,3,-3,A,0-1,0,1,1,-1,A,1,0,0,0
2018-08-26,2018,3,Besiktas,Antalyaspor,2-3,2,3,T1,1,5,-1,A,1-3,1,3,4,-2,A,1,0,0,0
2018-08-26,2018,3,Konyaspor,Bursaspor,1-1,1,1,T1,1,2,0,D,1-1,1,1,2,0,D,1,0,0,0
2018-08-27,2018,3,Basaksehir FK,Akhisarspor,3-1,3,1,T1,1,4,2,H,1-1,1,1,2,0,D,1,0,0,0
2018-08-27,2018,3,Galatasaray,Alanyaspor,6-0,6,0,T1,1,6,6,H,1-0,1,0,1,1,H,1,0,0,0
2018-08-31,2018,4,Yeni Malatyaspor,Konyaspor,0-1,0,1,T1,1,1,-1,A,0-1,0,1,1,-1,A,1,0,0,0
2018-09-01,2018,4,Alanyaspor,Goztepe,1-0,1,0,T1,1,1,1,H,0-0,0,0,0,0,D,1,0,0,0
2018-09-01,2018,4,Trabzonspor,Galatasaray,4-0,4,0,T1,1,4,4,H,3-0,3,0,3,3,H,1,0,0,1
2018-09-01,2018,4,Fenerbahce,Kayserispor,2-3,2,3,T1,1,5,-1,A,1-0,1,0,1,1,H,1,0,0,1
2018-09-01,2018,4,Akhisarspor,Sivasspor,1-1,1,1,T1,1,2,0,D,0-0,0,0,0,0,D,1,0,0,0
2018-09-02,2018,4,Kasimpasa,MKE Ankaragucu,2-1,2,1,T1,1,3,1,H,1-0,1,0,1,1,H,1,0,0,0
2018-09-02,2018,4,BB Erzurumspor,Basaksehir FK,0-1,0,1,T1,1,1,-1,A,0-1,0,1,1,-1,A,1,0,0,0
2018-09-02,2018,4,Bursaspor,Besiktas,1-1,1,1,T1,1,2,0,D,0-0,0,0,0,0,D,1,0,0,0
2018-09-02,2018,4,Antalyaspor,Caykur Rizespor,2-1,2,1,T1,1,3,1,H,0-1,0,1,1,-1,A,1,0,1,1
2018-09-14,2018,5,Galatasaray,Kasimpasa,4-1,4,1,T1,1,5,3,H,0-0,0,0,0,0,D,1,0,0,0
2018-09-15,2018,5,Goztepe,Kayserispor,2-0,2,0,T1,1,2,2,H,2-0,2,0,2,2,H,1,0,0,0
2018-09-15,2018,5,Besiktas,Yeni Malatyaspor,2-1,2,1,T1,1,3,1,H,0-0,0,0,0,0,D,1,0,1,0
2018-09-15,2018,5,MKE Ankaragucu,Akhisarspor,1-0,1,0,T1,1,1,1,H,1-0,1,0,1,1,H,1,0,0,0
2018-09-16,2018,5,Sivasspor,BB Erzurumspor,2-2,2,2,T1,1,4,0,D,1-1,1,1,2,0,D,1,0,0,0
2018-09-16,2018,5,Basaksehir FK,Antalyaspor,4-0,4,0,T1,1,4,4,H,1-0,1,0,1,1,H,1,0,0,0
2018-09-16,2018,5,Konyaspor,Fenerbahce,0-1,0,1,T1,1,1,-1,A,0-0,0,0,0,0,D,1,0,0,0
2018-09-16,2018,5,Caykur Rizespor,Bursaspor,1-1,1,1,T1,1,2,0,D,0-1,0,1,1,-1,A,1,0,0,0
2018-09-17,2018,5,Alanyaspor,Trabzonspor,1-0,1,0,T1,1,1,1,H,1-0,1,0,1,1,H,1,0,0,0
2018-09-21,2018,6,Bursaspor,Basaksehir FK,0-0,0,0,T1,1,0,0,D,0-0,0,0,0,0,D,1,0,0,0
2018-09-21,2018,6,BB Erzurumspor,MKE Ankaragucu,0-1,0,1,T1,1,1,-1,A,0-0,0,0,0,0,D,1,0,0,1
2018-09-22,2018,6,Kayserispor,Konyaspor,0-2,0,2,T1,1,2,-2,A,0-2,0,2,2,-2,A,1,0,0,0
2018-09-22,2018,6,Trabzonspor,Goztepe,1-2,1,2,T1,1,3,-1,A,0-2,0,2,2,-2,A,1,0,0,0
2018-09-22,2018,6,Yeni Malatyaspor,Caykur Rizespor,1-0,1,0,T1,1,1,1,H,1-0,1,0,1,1,H,1,0,0,1
2018-09-23,2018,6,Kasimpasa,Alanyaspor,1-2,1,2,T1,1,3,-1,A,0-1,0,1,1,-1,A,1,0,0,0
2018-09-23,2018,6,Akhisarspor,Galatasaray,3-0,3,0,T1,1,3,3,H,0-0,0,0,0,0,D,1,0,0,0
2018-09-23,2018,6,Antalyaspor,Sivasspor,2-1,2,1,T1,1,3,1,H,2-1,2,1,3,1,H,1,0,0,0
2018-09-24,2018,6,Fenerbahce,Besiktas,1-1,1,1,T1,1,2,0,D,0-1,0,1,1,-1,A,1,0,0,1
2018-09-28,2018,7,Galatasaray,BB Erzurumspor,1-0,1,0,T1,1,1,1,H,0-0,0,0,0,0,D,1,0,0,0
2018-09-29,2018,7,Alanyaspor,Akhisarspor,2-1,2,1,T1,1,3,1,H,1-0,1,0,1,1,H,1,0,1,0
2018-09-29,2018,7,Trabzonspor,Kasimpasa,4-2,4,2,T1,1,6,2,H,1-2,1,2,3,-1,A,1,0,0,0
2018-09-29,2018,7,Besiktas,Kayserispor,2-0,2,0,T1,1,2,2,H,1-0,1,0,1,1,H,1,0,0,0
2018-09-30,2018,7,Sivasspor,Bursaspor,2-0,2,0,T1,1,2,2,H,1-0,1,0,1,1,H,1,0,0,0
2018-09-30,2018,7,Goztepe,Konyaspor,3-2,3,2,T1,1,5,1,H,2-0,2,0,2,2,H,1,0,0,0
2018-09-30,2018,7,Caykur Rizespor,Fenerbahce,3-0,3,0,T1,1,3,3,H,3-0,3,0,3,3,H,1,0,0,0
2018-10-01,2018,7,Basaksehir FK,Yeni Malatyaspor,1-1,1,1,T1,1,2,0,D,0-1,0,1,1,-1,A,1,0,0,0
2018-10-01,2018,7,MKE Ankaragucu,Antalyaspor,0-1,0,1,T1,1,1,-1,A,0-1,0,1,1,-1,A,1,0,0,0
2018-10-05,2018,8,Kasimpasa,Goztepe,3-1,3,1,T1,1,4,2,H,1-0,1,0,1,1,H,1,0,0,0
2018-10-06,2018,8,Bursaspor,MKE Ankaragucu,1-0,1,0,T1,1,1,1,H,1-0,1,0,1,1,H,1,0,0,0
2018-10-06,2018,8,Antalyaspor,Galatasaray,0-1,0,1,T1,1,1,-1,A,0-0,0,0,0,0,D,1,0,0,0
2018-10-06,2018,8,Kayserispor,Caykur Rizespor,2-2,2,2,T1,1,4,0,D,0-1,0,1,1,-1,A,1,0,1,1
2018-10-06,2018,8,BB Erzurumspor,Alanyaspor,1-0,1,0,T1,1,1,1,H,0-0,0,0,0,0,D,1,0,0,0
2018-10-07,2018,8,Akhisarspor,Trabzonspor,1-3,1,3,T1,1,4,-2,A,0-2,0,2,2,-2,A,1,0,0,0
2018-10-07,2018,8,Konyaspor,Besiktas,2-2,2,2,T1,1,4,0,D,1-0,1,0,1,1,H,1,0,0,1
2018-10-07,2018,8,Yeni Malatyaspor,Sivasspor,4-4,4,4,T1,1,8,0,D,1-3,1,3,4,-2,A,1,0,0,1
2018-10-07,2018,8,Fenerbahce,Basaksehir FK,0-0,0,0,T1,1,0,0,D,0-0,0,0,0,0,D,1,0,0,0
2018-10-19,2018,9,Galatasaray,Bursaspor,1-1,1,1,T1,1,2,0,D,0-0,0,0,0,0,D,1,0,0,0
2018-10-20,2018,9,Kasimpasa,Akhisarspor,5-0,5,0,T1,1,5,5,H,0-0,0,0,0,0,D,1,0,0,0
2018-10-20,2018,9,Basaksehir FK,Kayserispor,1-0,1,0,T1,1,1,1,H,1-0,1,0,1,1,H,1,0,0,0
2018-10-20,2018,9,Sivasspor,Fenerbahce,0-0,0,0,T1,1,0,0,D,0-0,0,0,0,0,D,1,0,0,0
2018-10-21,2018,9,Caykur Rizespor,Konyaspor,1-1,1,1,T1,1,2,0,D,1-0,1,0,1,1,H,1,0,1,0
2018-10-21,2018,9,Alanyaspor,Antalyaspor,0-1,0,1,T1,1,1,-1,A,0-1,0,1,1,-1,A,1,0,1,0
2018-10-21,2018,9,MKE Ankaragucu,Yeni Malatyaspor,1-0,1,0,T1,1,1,1,H,1-0,1,0,1,1,H,1,0,0,0
2018-10-21,2018,9,Goztepe,Besiktas,2-0,2,0,T1,1,2,2,H,0-0,0,0,0,0,D,1,0,0,0
2018-10-22,2018,9,Trabzonspor,BB Erzurumspor,0-0,0,0,T1,1,0,0,D,0-0,0,0,0,0,D,1,0,0,0
2018-10-26,2018,10,Bursaspor,Alanyaspor,2-0,2,0,T1,1,2,2,H,2-0,2,0,2,2,H,1,0,0,0
2018-10-27,2018,10,BB Erzurumspor,Kasimpasa,1-1,1,1,T1,1,2,0,D,1-0,1,0,1,1,H,1,0,1,0
2018-10-27,2018,10,Konyaspor,Basaksehir FK,0-1,0,1,T1,1,1,-1,A,0-0,0,0,0,0,D,1,0,0,0
2018-10-27,2018,10,Antalyaspor,Trabzonspor,1-1,1,1,T1,1,2,0,D,1-1,1,1,2,0,D,1,0,0,0
2018-10-28,2018,10,Kayserispor,Sivasspor,2-0,2,0,T1,1,2,2,H,0-0,0,0,0,0,D,1,0,0,1
2018-10-28,2018,10,Yeni Malatyaspor,Galatasaray,2-0,2,0,T1,1,2,2,H,1-0,1,0,1,1,H,1,0,0,0
2018-10-28,2018,10,Fenerbahce,MKE Ankaragucu,1-3,1,3,T1,1,4,-2,A,0-1,0,1,1,-1,A,1,0,1,0
2018-10-29,2018,10,Besiktas,Caykur Rizespor,4-1,4,1,T1,1,5,3,H,2-0,2,0,2,2,H,1,0,0,2
2018-10-29,2018,10,Akhisarspor,Goztepe,1-0,1,0,T1,1,1,1,H,1-0,1,0,1,1,H,1,0,0,0
2018-11-02,2018,11,Galatasaray,Fenerbahce,2-2,2,2,T1,1,4,0,D,1-0,1,0,1,1,H,1,0,1,2
2018-11-03,2018,11,Kasimpasa,Antalyaspor,1-2,1,2,T1,1,3,-1,A,1-1,1,1,2,0,D,1,0,0,0
2018-11-03,2018,11,Akhisarspor,BB Erzurumspor,1-1,1,1,T1,1,2,0,D,1-1,1,1,2,0,D,1,0,0,0
2018-11-03,2018,11,Basaksehir FK,Besiktas,1-0,1,0,T1,1,1,1,H,1-0,1,0,1,1,H,1,0,0,0
2018-11-04,2018,11,MKE Ankaragucu,Kayserispor,3-1,3,1,T1,1,4,2,H,2-0,2,0,2,2,H,1,0,0,1
2018-11-04,2018,11,Alanyaspor,Yeni Malatyaspor,0-1,0,1,T1,1,1,-1,A,0-1,0,1,1,-1,A,1,0,0,0
2018-11-04,2018,11,Trabzonspor,Bursaspor,1-1,1,1,T1,1,2,0,D,1-0,1,0,1,1,H,1,0,0,0
2018-11-05,2018,11,Goztepe,Caykur Rizespor,2-0,2,0,T1,1,2,2,H,1-0,1,0,1,1,H,1,0,0,0
2018-11-05,2018,11,Sivasspor,Konyaspor,0-0,0,0,T1,1,0,0,D,0-0,0,0,0,0,D,1,0,0,1
2018-11-09,2018,12,Yeni Malatyaspor,Trabzonspor,5-0,5,0,T1,1,5,5,H,2-0,2,0,2,2,H,1,0,0,0
2018-11-10,2018,12,Konyaspor,MKE Ankaragucu,2-0,2,0,T1,1,2,2,H,0-0,0,0,0,0,D,1,0,0,0
2018-11-10,2018,12,BB Erzurumspor,Goztepe,2-1,2,1,T1,1,3,1,H,1-0,1,0,1,1,H,1,0,0,0
2018-11-10,2018,12,Caykur Rizespor,Basaksehir FK,1-2,1,2,T1,1,3,-1,A,0-0,0,0,0,0,D,1,0,0,0
2018-11-10,2018,12,Kayserispor,Galatasaray,0-3,0,3,T1,1,3,-3,A,0-1,0,1,1,-1,A,1,0,1,0
2018-11-11,2018,12,Bursaspor,Kasimpasa,1-2,1,2,T1,1,3,-1,A,1-1,1,1,2,0,D,1,0,0,0
2018-11-11,2018,12,Fenerbahce,Alanyaspor,2-0,2,0,T1,1,2,2,H,2-0,2,0,2,2,H,1,0,0,0
2018-11-11,2018,12,Antalyaspor,Akhisarspor,1-2,1,2,T1,1,3,-1,A,0-0,0,0,0,0,D,1,0,0,0
2018-11-11,2018,12,Besiktas,Sivasspor,1-2,1,2,T1,1,3,-1,A,1-1,1,1,2,0,D,1,0,0,0
2018-11-23,2018,13,Galatasaray,Konyaspor,1-1,1,1,T1,1,2,0,D,0-0,0,0,0,0,D,1,0,1,0
2018-11-24,2018,13,MKE Ankaragucu,Besiktas,1-4,1,4,T1,1,5,-3,A,0-3,0,3,3,-3,A,1,0,0,0
2018-11-24,2018,13,BB Erzurumspor,Antalyaspor,1-0,1,0,T1,1,1,1,H,0-0,0,0,0,0,D,1,0,0,0
2018-11-24,2018,13,Alanyaspor,Kayserispor,5-0,5,0,T1,1,5,5,H,1-0,1,0,1,1,H,1,0,0,0
2018-11-25,2018,13,Sivasspor,Caykur Rizespor,1-1,1,1,T1,1,2,0,D,0-0,0,0,0,0,D,1,0,1,0
2018-11-25,2018,13,Akhisarspor,Bursaspor,2-4,2,4,T1,1,6,-2,A,2-1,2,1,3,1,H,1,0,0,0
2018-11-25,2018,13,Kasimpasa,Yeni Malatyaspor,3-0,3,0,T1,1,3,3,H,1-0,1,0,1,1,H,1,0,0,0
2018-11-25,2018,13,Trabzonspor,Fenerbahce,2-1,2,1,T1,1,3,1,H,0-0,0,0,0,0,D,1,0,0,0
2018-11-26,2018,13,Goztepe,Basaksehir FK,0-2,0,2,T1,1,2,-2,A,0-1,0,1,1,-1,A,1,0,0,0
2018-11-30,2018,14,Caykur Rizespor,MKE Ankaragucu,1-1,1,1,T1,1,2,0,D,0-1,0,1,1,-1,A,1,0,0,0
2018-11-30,2018,14,Konyaspor,Alanyaspor,2-0,2,0,T1,1,2,2,H,0-0,0,0,0,0,D,1,0,0,1
2018-12-01,2018,14,Kayserispor,Trabzonspor,0-2,0,2,T1,1,2,-2,A,0-0,0,0,0,0,D,1,0,0,0
2018-12-01,2018,14,Antalyaspor,Goztepe,1-0,1,0,T1,1,1,1,H,1-0,1,0,1,1,H,1,0,0,0
2018-12-01,2018,14,Basaksehir FK,Sivasspor,0-1,0,1,T1,1,1,-1,A,0-1,0,1,1,-1,A,1,0,0,0
2018-12-02,2018,14,Bursaspor,BB Erzurumspor,2-1,2,1,T1,1,3,1,H,1-1,1,1,2,0,D,1,0,0,0
2018-12-02,2018,14,Besiktas,Galatasaray,1-0,1,0,T1,1,1,1,H,1-0,1,0,1,1,H,1,0,0,0
2018-12-03,2018,14,Yeni Malatyaspor,Akhisarspor,1-1,1,1,T1,1,2,0,D,1-0,1,0,1,1,H,1,0,0,0
2018-12-03,2018,14,Fenerbahce,Kasimpasa,2-2,2,2,T1,1,4,0,D,2-1,2,1,3,1,H,1,0,0,0
2018-12-07,2018,15,Alanyaspor,Besiktas,0-0,0,0,T1,1,0,0,D,0-0,0,0,0,0,D,1,0,0,0
2018-12-08,2018,15,Galatasaray,Caykur Rizespor,2-2,2,2,T1,1,4,0,D,1-0,1,0,1,1,H,1,0,0,0
2018-12-08,2018,15,Sivasspor,Goztepe,2-0,2,0,T1,1,2,2,H,0-0,0,0,0,0,D,1,0,0,1
2018-12-08,2018,15,Trabzonspor,Konyaspor,3-0,3,0,T1,1,3,3,H,0-0,0,0,0,0,D,1,0,0,0
2018-12-09,2018,15,BB Erzurumspor,Yeni Malatyaspor,1-3,1,3,T1,1,4,-2,A,1-0,1,0,1,1,H,1,0,0,0
2018-12-09,2018,15,Bursaspor,Antalyaspor,0-2,0,2,T1,1,2,-2,A,0-2,0,2,2,-2,A,1,0,0,0
2018-12-09,2018,15,Akhisarspor,Fenerbahce,3-0,3,0,T1,1,3,3,H,1-0,1,0,1,1,H,1,0,0,0
2018-12-10,2018,15,MKE Ankaragucu,Basaksehir FK,0-1,0,1,T1,1,1,-1,A,0-1,0,1,1,-1,A,1,0,0,0
2018-12-10,2018,15,Kasimpasa,Kayserispor,0-3,0,3,T1,1,3,-3,A,0-1,0,1,1,-1,A,1,0,0,0
2018-12-14,2018,16,Goztepe,Bursaspor,0-0,0,0,T1,1,0,0,D,0-0,0,0,0,0,D,1,0,0,0
2018-12-15,2018,16,Caykur Rizespor,Alanyaspor,1-1,1,1,T1,1,2,0,D,0-1,0,1,1,-1,A,1,0,0,0
2018-12-15,2018,16,Sivasspor,MKE Ankaragucu,4-0,4,0,T1,1,4,4,H,2-0,2,0,2,2,H,1,0,0,0
2018-12-15,2018,16,Konyaspor,Kasimpasa,3-2,3,2,T1,1,5,1,H,0-0,0,0,0,0,D,1,0,0,0
2018-12-15,2018,16,Basaksehir FK,Galatasaray,1-1,1,1,T1,1,2,0,D,1-1,1,1,2,0,D,1,0,0,0
2018-12-16,2018,16,Yeni Malatyaspor,Antalyaspor,2-0,2,0,T1,1,2,2,H,2-0,2,0,2,2,H,1,0,1,1
2018-12-16,2018,16,Kayserispor,Akhisarspor,1-0,1,0,T1,1,1,1,H,0-0,0,0,0,0,D,1,0,0,0
2018-12-16,2018,16,Besiktas,Trabzonspor,2-2,2,2,T1,1,4,0,D,0-1,0,1,1,-1,A,1,0,0,0
2018-12-17,2018,16,Fenerbahce,BB Erzurumspor,2-2,2,2,T1,1,4,0,D,2-0,2,0,2,2,H,1,0,0,0
2018-12-22,2018,17,Kasimpasa,Besiktas,4-1,4,1,T1,1,5,3,H,2-0,2,0,2,2,H,1,0,0,0
2018-12-22,2018,17,Alanyaspor,Basaksehir FK,1-1,1,1,T1,1,2,0,D,0-1,0,1,1,-1,A,1,0,1,0
2018-12-22,2018,17,MKE Ankaragucu,Goztepe,0-3,0,3,T1,1,3,-3,A,0-0,0,0,0,0,D,1,0,0,0
2018-12-23,2018,17,Galatasaray,Sivasspor,4-2,4,2,T1,1,6,2,H,2-2,2,2,4,0,D,1,0,0,0
2018-12-23,2018,17,Trabzonspor,Caykur Rizespor,4-1,4,1,T1,1,5,3,H,1-0,1,0,1,1,H,1,0,0,0
2018-12-23,2018,17,Bursaspor,Yeni Malatyaspor,1-1,1,1,T1,1,2,0,D,1-0,1,0,1,1,H,1,0,0,1
2018-12-23,2018,17,BB Erzurumspor,Kayserispor,1-1,1,1,T1,1,2,0,D,1-1,1,1,2,0,D,1,0,0,0
2018-12-24,2018,17,Akhisarspor,Konyaspor,0-0,0,0,T1,1,0,0,D,0-0,0,0,0,0,D,1,0,0,0
2018-12-24,2018,17,Antalyaspor,Fenerbahce,0-0,0,0,T1,1,0,0,D,0-0,0,0,0,0,D,1,0,0,1
2019-01-18,2018,18,Akhisarspor,Besiktas,0-3,0,3,T1,1,3,-3,A,0-1,0,1,1,-1,A,1,0,0,0
2019-01-19,2018,18,BB Erzurumspor,Konyaspor,1-2,1,2,T1,1,3,-1,A,0-1,0,1,1,-1,A,1,0,0,0
2019-01-19,2018,18,Yeni Malatyaspor,Goztepe,3-2,3,2,T1,1,5,1,H,2-2,2,2,4,0,D,1,0,0,0
2019-01-19,2018,18,Antalyaspor,Kayserispor,0-0,0,0,T1,1,0,0,D,0-0,0,0,0,0,D,1,0,0,0
2019-01-19,2018,18,Galatasaray,MKE Ankaragucu,6-0,6,0,T1,1,6,6,H,3-0,3,0,3,3,H,1,0,0,0
2019-01-20,2018,18,Alanyaspor,Sivasspor,2-0,2,0,T1,1,2,2,H,2-0,2,0,2,2,H,1,0,0,0
2019-01-20,2018,18,Trabzonspor,Basaksehir FK,2-4,2,4,T1,1,6,-2,A,0-2,0,2,2,-2,A,1,0,0,0
2019-01-21,2018,18,Bursaspor,Fenerbahce,1-1,1,1,T1,1,2,0,D,0-1,0,1,1,-1,A,1,0,0,0
2019-01-21,2018,18,Kasimpasa,Caykur Rizespor,0-1,0,1,T1,1,1,-1,A,0-1,0,1,1,-1,A,1,0,0,0
2019-01-25,2018,19,Besiktas,BB Erzurumspor,1-1,1,1,T1,1,2,0,D,0-0,0,0,0,0,D,1,0,1,0
2019-01-26,2018,19,Kayserispor,Bursaspor,1-1,1,1,T1,1,2,0,D,0-1,0,1,1,-1,A,1,0,1,0
2019-01-26,2018,19,Goztepe,Galatasaray,0-1,0,1,T1,1,1,-1,A,0-0,0,0,0,0,D,1,0,0,0
2019-01-27,2018,19,Konyaspor,Antalyaspor,2-0,2,0,T1,1,2,2,H,1-0,1,0,1,1,H,1,0,0,0
2019-01-27,2018,19,Sivasspor,Trabzonspor,1-1,1,1,T1,1,2,0,D,0-0,0,0,0,0,D,1,0,0,0
2019-01-27,2018,19,Caykur Rizespor,Akhisarspor,3-1,3,1,T1,1,4,2,H,0-1,0,1,1,-1,A,1,0,0,1
2019-01-28,2018,19,MKE Ankaragucu,Alanyaspor,0-2,0,2,T1,1,2,-2,A,0-1,0,1,1,-1,A,1,0,0,0
2019-01-28,2018,19,Basaksehir FK,Kasimpasa,2-0,2,0,T1,1,2,2,H,1-0,1,0,1,1,H,1,0,0,0
2019-01-28,2018,19,Fenerbahce,Yeni Malatyaspor,3-2,3,2,T1,1,5,1,H,2-2,2,2,4,0,D,1,0,0,0
2019-02-01,2018,20,Fenerbahce,Goztepe,2-0,2,0,T1,1,2,2,H,1-0,1,0,1,1,H,1,0,0,1
2019-02-02,2018,20,Alanyaspor,Galatasaray,1-1,1,1,T1,1,2,0,D,1-0,1,0,1,1,H,1,0,0,0
2019-02-02,2018,20,Yeni Malatyaspor,Kayserispor,1-1,1,1,T1,1,2,0,D,1-1,1,1,2,0,D,1,0,0,0
2019-02-02,2018,20,Kasimpasa,Sivasspor,1-3,1,3,T1,1,4,-2,A,1-1,1,1,2,0,D,1,0,0,0
2019-02-02,2018,20,Trabzonspor,MKE Ankaragucu,1-0,1,0,T1,1,1,1,H,1-0,1,0,1,1,H,1,0,0,0
2019-02-03,2018,20,BB Erzurumspor,Caykur Rizespor,0-1,0,1,T1,1,1,-1,A,0-0,0,0,0,0,D,1,0,0,0
2019-02-03,2018,20,Akhisarspor,Basaksehir FK,0-3,0,3,T1,1,3,-3,A,0-2,0,2,2,-2,A,1,0,0,0
2019-02-03,2018,20,Antalyaspor,Besiktas,2-6,2,6,T1,1,8,-4,A,0-3,0,3,3,-3,A,1,0,0,0
2019-02-04,2018,20,Bursaspor,Konyaspor,0-0,0,0,T1,1,0,0,D,0-0,0,0,0,0,D,1,0,0,0
2019-02-08,2018,21,Kayserispor,Fenerbahce,1-0,1,0,T1,1,1,1,H,0-0,0,0,0,0,D,1,0,0,2
2019-02-09,2018,21,Basaksehir FK,BB Erzurumspor,1-1,1,1,T1,1,2,0,D,1-0,1,0,1,1,H,1,0,0,0
2019-02-09,2018,21,Besiktas,Bursaspor,2-0,2,0,T1,1,2,2,H,1-0,1,0,1,1,H,1,0,0,0
2019-02-09,2018,21,Caykur Rizespor,Antalyaspor,1-1,1,1,T1,1,2,0,D,1-0,1,0,1,1,H,1,0,0,0
2019-02-10,2018,21,Galatasaray,Trabzonspor,3-1,3,1,T1,1,4,2,H,2-1,2,1,3,1,H,1,0,0,0
2019-02-10,2018,21,Goztepe,Alanyaspor,3-2,3,2,T1,1,5,1,H,2-1,2,1,3,1,H,1,0,1,0
2019-02-10,2018,21,Konyaspor,Yeni Malatyaspor,1-1,1,1,T1,1,2,0,D,0-0,0,0,0,0,D,1,0,0,0
2019-02-11,2018,21,Sivasspor,Akhisarspor,2-1,2,1,T1,1,3,1,H,1-0,1,0,1,1,H,1,0,1,0
2019-02-11,2018,21,MKE Ankaragucu,Kasimpasa,3-0,3,0,T1,1,3,3,H,1-0,1,0,1,1,H,1,0,0,0
2019-02-15,2018,22,Yeni Malatyaspor,Besiktas,1-2,1,2,T1,1,3,-1,A,0-0,0,0,0,0,D,1,0,1,0
2019-02-16,2018,22,Akhisarspor,MKE Ankaragucu,0-0,0,0,T1,1,0,0,D,0-0,0,0,0,0,D,1,0,0,1
2019-02-16,2018,22,Bursaspor,Caykur Rizespor,0-2,0,2,T1,1,2,-2,A,0-1,0,1,1,-1,A,1,0,0,0
2019-02-16,2018,22,Fenerbahce,Konyaspor,1-1,1,1,T1,1,2,0,D,1-1,1,1,2,0,D,1,0,0,1
2019-02-17,2018,22,Kasimpasa,Galatasaray,1-4,1,4,T1,1,5,-3,A,1-2,1,2,3,-1,A,1,0,0,0
2019-02-17,2018,22,Trabzonspor,Alanyaspor,0-2,0,2,T1,1,2,-2,A,0-0,0,0,0,0,D,1,0,0,0
2019-02-17,2018,22,Kayserispor,Goztepe,2-1,2,1,T1,1,3,1,H,1-0,1,0,1,1,H,1,0,0,0
2019-02-17,2018,22,BB Erzurumspor,Sivasspor,4-2,4,2,T1,1,6,2,H,2-1,2,1,3,1,H,1,0,0,0
2019-02-18,2018,22,Antalyaspor,Basaksehir FK,0-1,0,1,T1,1,1,-1,A,0-1,0,1,1,-1,A,1,0,0,0
2019-02-22,2018,23,Goztepe,Trabzonspor,1-3,1,3,T1,1,4,-2,A,0-1,0,1,1,-1,A,1,0,0,0
2019-02-22,2018,23,Caykur Rizespor,Yeni Malatyaspor,3-0,3,0,T1,1,3,3,H,1-0,1,0,1,1,H,1,0,0,0
2019-02-23,2018,23,Sivasspor,Antalyaspor,1-2,1,2,T1,1,3,-1,A,0-2,0,2,2,-2,A,1,0,0,0
2019-02-23,2018,23,Alanyaspor,Kasimpasa,3-0,3,0,T1,1,3,3,H,1-0,1,0,1,1,H,1,0,0,1
2019-02-24,2018,23,Galatasaray,Akhisarspor,1-0,1,0,T1,1,1,1,H,0-0,0,0,0,0,D,1,0,0,0
2019-02-24,2018,23,Basaksehir FK,Bursaspor,3-0,3,0,T1,1,3,3,H,2-0,2,0,2,2,H,1,0,0,0
2019-02-24,2018,23,Konyaspor,Kayserispor,0-1,0,1,T1,1,1,-1,A,0-0,0,0,0,0,D,1,0,0,0
2019-02-24,2018,23,MKE Ankaragucu,BB Erzurumspor,2-1,2,1,T1,1,3,1,H,1-0,1,0,1,1,H,1,0,0,1
2019-02-25,2018,23,Besiktas,Fenerbahce,3-3,3,3,T1,1,6,0,D,3-0,3,0,3,3,H,1,0,0,0
2019-03-01,2018,24,Antalyaspor,MKE Ankaragucu,2-4,2,4,T1,1,6,-2,A,2-3,2,3,5,-1,A,1,0,0,0
2019-03-02,2018,24,Bursaspor,Sivasspor,3-2,3,2,T1,1,5,1,H,1-1,1,1,2,0,D,1,0,0,0
2019-03-02,2018,24,Kayserispor,Besiktas,2-2,2,2,T1,1,4,0,D,0-1,0,1,1,-1,A,1,0,0,0
2019-03-02,2018,24,Fenerbahce,Caykur Rizespor,3-2,3,2,T1,1,5,1,H,2-1,2,1,3,1,H,1,0,0,1
2019-03-03,2018,24,Konyaspor,Goztepe,1-1,1,1,T1,1,2,0,D,1-0,1,0,1,1,H,1,0,0,1
2019-03-03,2018,24,Yeni Malatyaspor,Basaksehir FK,0-2,0,2,T1,1,2,-2,A,0-1,0,1,1,-1,A,1,0,0,0
2019-03-03,2018,24,BB Erzurumspor,Galatasaray,1-1,1,1,T1,1,2,0,D,1-0,1,0,1,1,H,1,0,0,0
2019-03-04,2018,24,Akhisarspor,Alanyaspor,3-1,3,1,T1,1,4,2,H,0-0,0,0,0,0,D,1,0,0,0
2019-03-04,2018,24,Kasimpasa,Trabzonspor,2-2,2,2,T1,1,4,0,D,0-2,0,2,2,-2,A,1,0,0,0
2019-03-08,2018,25,Sivasspor,Yeni Malatyaspor,2-0,2,0,T1,1,2,2,H,2-0,2,0,2,2,H,1,0,0,0
2019-03-09,2018,25,Trabzonspor,Akhisarspor,2-1,2,1,T1,1,3,1,H,0-0,0,0,0,0,D,1,0,0,0
2019-03-09,2018,25,MKE Ankaragucu,Bursaspor,0-0,0,0,T1,1,0,0,D,0-0,0,0,0,0,D,1,0,0,0
2019-03-09,2018,25,Basaksehir FK,Fenerbahce,2-1,2,1,T1,1,3,1,H,1-0,1,0,1,1,H,1,0,0,0
2019-03-10,2018,25,Besiktas,Konyaspor,3-2,3,2,T1,1,5,1,H,2-1,2,1,3,1,H,1,0,0,0
2019-03-10,2018,25,Caykur Rizespor,Kayserispor,3-0,3,0,T1,1,3,3,H,1-0,1,0,1,1,H,1,0,0,0
2019-03-10,2018,25,Goztepe,Kasimpasa,0-0,0,0,T1,1,0,0,D,0-0,0,0,0,0,D,1,0,0,0
2019-03-10,2018,25,Alanyaspor,BB Erzurumspor,2-1,2,1,T1,1,3,1,H,1-0,1,0,1,1,H,1,0,0,0
2019-03-11,2018,25,Galatasaray,Antalyaspor,5-0,5,0,T1,1,5,5,H,1-0,1,0,1,1,H,1,0,0,0
2019-03-15,2018,26,Fenerbahce,Sivasspor,2-1,2,1,T1,1,3,1,H,0-0,0,0,0,0,D,1,0,0,0
2019-03-16,2018,26,Besiktas,Goztepe,1-0,1,0,T1,1,1,1,H,0-0,0,0,0,0,D,1,0,0,0
2019-03-16,2018,26,BB Erzurumspor,Trabzonspor,0-1,0,1,T1,1,1,-1,A,0-0,0,0,0,0,D,1,0,0,0
2019-03-16,2018,26,Antalyaspor,Alanyaspor,3-0,3,0,T1,1,3,3,H,2-0,2,0,2,2,H,1,0,0,0
2019-03-16,2018,26,Konyaspor,Caykur Rizespor,0-2,0,2,T1,1,2,-2,A,0-1,0,1,1,-1,A,1,0,1,0
2019-03-16,2018,26,Akhisarspor,Kasimpasa,2-3,2,3,T1,1,5,-1,A,1-1,1,1,2,0,D,1,0,0,0
2019-03-17,2018,26,Yeni Malatyaspor,MKE Ankaragucu,3-1,3,1,T1,1,4,2,H,0-0,0,0,0,0,D,1,0,0,0
2019-03-17,2018,26,Kayserispor,Basaksehir FK,1-1,1,1,T1,1,2,0,D,1-0,1,0,1,1,H,1,0,0,0
2019-03-17,2018,26,Bursaspor,Galatasaray,2-3,2,3,T1,1,5,-1,A,2-1,2,1,3,1,H,1,0,0,0
2019-04-05,2018,27,Trabzonspor,Antalyaspor,4-1,4,1,T1,1,5,3,H,1-1,1,1,2,0,D,1,0,0,0
2019-04-06,2018,27,Alanyaspor,Bursaspor,1-0,1,0,T1,1,1,1,H,0-0,0,0,0,0,D,1,0,0,0
2019-04-06,2018,27,Sivasspor,Kayserispor,1-3,1,3,T1,1,4,-2,A,0-3,0,3,3,-3,A,1,0,0,0
2019-04-06,2018,27,Galatasaray,Yeni Malatyaspor,3-0,3,0,T1,1,3,3,H,1-0,1,0,1,1,H,1,0,0,0
2019-04-07,2018,27,Basaksehir FK,Konyaspor,2-0,2,0,T1,1,2,2,H,0-0,0,0,0,0,D,1,0,0,0
2019-04-07,2018,27,MKE Ankaragucu,Fenerbahce,1-1,1,1,T1,1,2,0,D,1-0,1,0,1,1,H,1,0,1,1
2019-04-07,2018,27,Goztepe,Akhisarspor,0-1,0,1,T1,1,1,-1,A,0-0,0,0,0,0,D,1,0,0,0
2019-04-07,2018,27,Kasimpasa,BB Erzurumspor,2-1,2,1,T1,1,3,1,H,1-0,1,0,1,1,H,1,0,0,0
2019-04-08,2018,27,Caykur Rizespor,Besiktas,2-7,2,7,T1,1,9,-5,A,1-2,1,2,3,-1,A,1,0,0,0
2019-04-12,2018,28,Bursaspor,Trabzonspor,0-1,0,1,T1,1,1,-1,A,0-0,0,0,0,0,D,1,0,0,0
2019-04-13,2018,28,Caykur Rizespor,Goztepe,1-0,1,0,T1,1,1,1,H,0-0,0,0,0,0,D,1,0,0,0
2019-04-13,2018,28,Konyaspor,Sivasspor,1-1,1,1,T1,1,2,0,D,1-1,1,1,2,0,D,1,0,0,0
2019-04-13,2018,28,Besiktas,Basaksehir FK,2-1,2,1,T1,1,3,1,H,1-1,1,1,2,0,D,1,0,0,0
2019-04-14,2018,28,Fenerbahce,Galatasaray,1-1,1,1,T1,1,2,0,D,0-0,0,0,0,0,D,1,0,1,0
2019-04-14,2018,28,Antalyaspor,Kasimpasa,1-0,1,0,T1,1,1,1,H,1-0,1,0,1,1,H,1,0,1,0
2019-04-14,2018,28,Kayserispor,MKE Ankaragucu,0-2,0,2,T1,1,2,-2,A,0-0,0,0,0,0,D,1,0,0,0
2019-04-14,2018,28,Yeni Malatyaspor,Alanyaspor,1-1,1,1,T1,1,2,0,D,1-1,1,1,2,0,D,1,0,1,1
2019-04-15,2018,28,BB Erzurumspor,Akhisarspor,2-1,2,1,T1,1,3,1,H,0-0,0,0,0,0,D,1,0,0,0
2019-04-19,2018,29,Kasimpasa,Bursaspor,1-1,1,1,T1,1,2,0,D,0-0,0,0,0,0,D,1,0,0,0
2019-04-20,2018,29,Akhisarspor,Antalyaspor,1-2,1,2,T1,1,3,-1,A,0-2,0,2,2,-2,A,1,0,0,0
2019-04-20,2018,29,Trabzonspor,Yeni Malatyaspor,2-1,2,1,T1,1,3,1,H,1-1,1,1,2,0,D,1,0,0,1
2019-04-20,2018,29,Goztepe,BB Erzurumspor,0-1,0,1,T1,1,1,-1,A,0-1,0,1,1,-1,A,1,0,0,0
2019-04-20,2018,29,Galatasaray,Kayserispor,3-1,3,1,T1,1,4,2,H,3-1,3,1,4,2,H,1,0,0,1
2019-04-21,2018,29,Alanyaspor,Fenerbahce,1-0,1,0,T1,1,1,1,H,0-0,0,0,0,0,D,1,0,0,0
2019-04-21,2018,29,Basaksehir FK,Caykur Rizespor,1-1,1,1,T1,1,2,0,D,0-0,0,0,0,0,D,1,0,0,0
2019-04-21,2018,29,MKE Ankaragucu,Konyaspor,0-0,0,0,T1,1,0,0,D,0-0,0,0,0,0,D,1,0,0,0
2019-04-22,2018,29,Sivasspor,Besiktas,1-2,1,2,T1,1,3,-1,A,1-1,1,1,2,0,D,1,0,0,0
2019-04-26,2018,30,Basaksehir FK,Goztepe,0-2,0,2,T1,1,2,-2,A,0-1,0,1,1,-1,A,1,0,0,0
2019-04-27,2018,30,Antalyaspor,BB Erzurumspor,1-1,1,1,T1,1,2,0,D,1-0,1,0,1,1,H,1,0,0,0
2019-04-27,2018,30,Caykur Rizespor,Sivasspor,0-0,0,0,T1,1,0,0,D,0-0,0,0,0,0,D,1,0,0,0
2019-04-27,2018,30,Fenerbahce,Trabzonspor,1-1,1,1,T1,1,2,0,D,0-1,0,1,1,-1,A,1,0,1,0
2019-04-28,2018,30,Kayserispor,Alanyaspor,1-1,1,1,T1,1,2,0,D,1-1,1,1,2,0,D,1,0,0,0
2019-04-28,2018,30,Bursaspor,Akhisarspor,0-0,0,0,T1,1,0,0,D,0-0,0,0,0,0,D,1,0,0,0
2019-04-28,2018,30,Besiktas,MKE Ankaragucu,4-1,4,1,T1,1,5,3,H,1-0,1,0,1,1,H,1,0,0,0
2019-04-29,2018,30,Yeni Malatyaspor,Kasimpasa,2-1,2,1,T1,1,3,1,H,1-0,1,0,1,1,H,1,0,0,0
2019-04-29,2018,30,Konyaspor,Galatasaray,0-0,0,0,T1,1,0,0,D,0-0,0,0,0,0,D,1,0,0,0
2019-05-03,2018,31,Sivasspor,Basaksehir FK,0-0,0,0,T1,1,0,0,D,0-0,0,0,0,0,D,1,0,0,0
2019-05-04,2018,31,Kasimpasa,Fenerbahce,1-3,1,3,T1,1,4,-2,A,1-1,1,1,2,0,D,1,0,0,0
2019-05-04,2018,31,MKE Ankaragucu,Caykur Rizespor,2-2,2,2,T1,1,4,0,D,0-1,0,1,1,-1,A,1,0,0,0
2019-05-04,2018,31,BB Erzurumspor,Bursaspor,2-0,2,0,T1,1,2,2,H,0-0,0,0,0,0,D,1,0,0,0
2019-05-05,2018,31,Galatasaray,Besiktas,2-0,2,0,T1,1,2,2,H,1-0,1,0,1,1,H,1,0,0,0
2019-05-05,2018,31,Akhisarspor,Yeni Malatyaspor,0-2,0,2,T1,1,2,-2,A,0-0,0,0,0,0,D,1,0,0,0
2019-05-05,2018,31,Goztepe,Antalyaspor,4-1,4,1,T1,1,5,3,H,2-1,2,1,3,1,H,1,0,0,1
2019-05-06,2018,31,Alanyaspor,Konyaspor,2-4,2,4,T1,1,6,-2,A,1-2,1,2,3,-1,A,1,0,0,0
2019-05-06,2018,31,Trabzonspor,Kayserispor,4-2,4,2,T1,1,6,2,H,2-1,2,1,3,1,H,1,0,0,0
2019-05-10,2018,32,Antalyaspor,Bursaspor,0-1,0,1,T1,1,1,-1,A,0-1,0,1,1,-1,A,1,0,1,0
2019-05-11,2018,32,Caykur Rizespor,Galatasaray,2-3,2,3,T1,1,5,-1,A,1-1,1,1,2,0,D,1,0,1,0
2019-05-11,2018,32,Goztepe,Sivasspor,3-3,3,3,T1,1,6,0,D,1-2,1,2,3,-1,A,1,0,1,0
2019-05-11,2018,32,Fenerbahce,Akhisarspor,2-1,2,1,T1,1,3,1,H,2-1,2,1,3,1,H,1,0,0,0
2019-05-12,2018,32,Kayserispor,Kasimpasa,2-1,2,1,T1,1,3,1,H,0-1,0,1,1,-1,A,1,0,0,1
2019-05-12,2018,32,Konyaspor,Trabzonspor,2-2,2,2,T1,1,4,0,D,2-1,2,1,3,1,H,1,0,0,0
2019-05-12,2018,32,Basaksehir FK,MKE Ankaragucu,2-1,2,1,T1,1,3,1,H,0-1,0,1,1,-1,A,1,0,0,0
2019-05-12,2018,32,Yeni Malatyaspor,BB Erzurumspor,3-1,3,1,T1,1,4,2,H,0-0,0,0,0,0,D,1,0,0,0
2019-05-13,2018,32,Besiktas,Alanyaspor,2-1,2,1,T1,1,3,1,H,1-1,1,1,2,0,D,1,0,0,0
2019-05-17,2018,33,Kasimpasa,Konyaspor,1-1,1,1,T1,1,2,0,D,0-1,0,1,1,-1,A,1,0,0,0
2019-05-18,2018,33,Trabzonspor,Besiktas,2-1,2,1,T1,1,3,1,H,0-0,0,0,0,0,D,1,0,0,0
2019-05-18,2018,33,Antalyaspor,Yeni Malatyaspor,3-0,3,0,T1,1,3,3,H,1-0,1,0,1,1,H,1,0,0,1
2019-05-19,2018,33,Bursaspor,Goztepe,0-0,0,0,T1,1,0,0,D,0-0,0,0,0,0,D,1,0,0,0
2019-05-19,2018,33,Alanyaspor,Caykur Rizespor,1-1,1,1,T1,1,2,0,D,1-0,1,0,1,1,H,1,0,0,0
2019-05-19,2018,33,Akhisarspor,Kayserispor,2-2,2,2,T1,1,4,0,D,1-0,1,0,1,1,H,1,0,0,0
2019-05-19,2018,33,Galatasaray,Basaksehir FK,2-1,2,1,T1,1,3,1,H,0-1,0,1,1,-1,A,1,0,0,0
2019-05-20,2018,33,MKE Ankaragucu,Sivasspor,3-1,3,1,T1,1,4,2,H,2-0,2,0,2,2,H,1,0,0,0
2019-05-20,2018,33,BB Erzurumspor,Fenerbahce,0-1,0,1,T1,1,1,-1,A,0-0,0,0,0,0,D,1,0,0,0
2019-05-24,2018,34,Caykur Rizespor,Trabzonspor,2-3,2,3,T1,1,5,-1,A,1-3,1,3,4,-2,A,1,0,0,0
2019-05-24,2018,34,Sivasspor,Galatasaray,4-3,4,3,T1,1,7,1,H,2-2,2,2,4,0,D,1,0,0,0
2019-05-24,2018,34,Basaksehir FK,Alanyaspor,1-1,1,1,T1,1,2,0,D,1-1,1,1,2,0,D,1,0,0,0
2019-05-24,2018,34,Besiktas,Kasimpasa,3-2,3,2,T1,1,5,1,H,3-1,3,1,4,2,H,1,0,1,0
2019-05-25,2018,34,Konyaspor,Akhisarspor,0-0,0,0,T1,1,0,0,D,0-0,0,0,0,0,D,1,0,0,0
2019-05-26,2018,34,Fenerbahce,Antalyaspor,3-1,3,1,T1,1,4,2,H,1-1,1,1,2,0,D,1,0,0,0
2019-05-26,2018,34,Goztepe,MKE Ankaragucu,2-1,2,1,T1,1,3,1,H,1-0,1,0,1,1,H,1,0,0,0
2019-05-26,2018,34,Kayserispor,BB Erzurumspor,0-2,0,2,T1,1,2,-2,A,0-2,0,2,2,-2,A,1,0,1,0
2019-05-26,2018,34,Yeni Malatyaspor,Bursaspor,1-2,1,2,T1,1,3,-1,A,0-2,0,2,2,-2,A,1,0,2,1
2019-08-16,2019,1,Denizlispor,Galatasaray,2-0,2,0,T1,1,2,2,H,0-0,0,0,0,0,D,1,0,0,1
2019-08-17,2019,1,Genclerbirligi,Caykur Rizespor,0-1,0,1,T1,1,1,-1,A,0-0,0,0,0,0,D,1,0,1,0
2019-08-17,2019,1,Kayserispor,Alanyaspor,0-1,0,1,T1,1,1,-1,A,0-0,0,0,0,0,D,1,0,0,0
2019-08-17,2019,1,Sivasspor,Besiktas,3-0,3,0,T1,1,3,3,H,1-0,1,0,1,1,H,1,0,0,0
2019-08-18,2019,1,Goztepe,Antalyaspor,0-1,0,1,T1,1,1,-1,A,0-1,0,1,1,-1,A,1,0,0,0
2019-08-18,2019,1,Yeni Malatyaspor,Basaksehir FK,3-0,3,0,T1,1,3,3,H,0-0,0,0,0,0,D,1,0,0,1
2019-08-18,2019,1,Konyaspor,MKE Ankaragucu,0-0,0,0,T1,1,0,0,D,0-0,0,0,0,0,D,1,0,0,0
2019-08-18,2019,1,Kasimpasa,Trabzonspor,1-1,1,1,T1,1,2,0,D,1-1,1,1,2,0,D,1,0,0,0
2019-08-19,2019,1,Fenerbahce,Gaziantep FK,5-0,5,0,T1,1,5,5,H,3-0,3,0,3,3,H,1,0,0,0
2019-08-23,2019,2,Besiktas,Goztepe,3-0,3,0,T1,1,3,3,H,1-0,1,0,1,1,H,1,0,0,0
2019-08-24,2019,2,MKE Ankaragucu,Kayserispor,1-1,1,1,T1,1,2,0,D,0-0,0,0,0,0,D,1,0,0,0
2019-08-24,2019,2,Basaksehir FK,Fenerbahce,1-2,1,2,T1,1,3,-1,A,1-0,1,0,1,1,H,1,0,0,0
2019-08-24,2019,2,Alanyaspor,Kasimpasa,4-1,4,1,T1,1,5,3,H,1-1,1,1,2,0,D,1,0,0,0
2019-08-25,2019,2,Antalyaspor,Denizlispor,0-2,0,2,T1,1,2,-2,A,0-1,0,1,1,-1,A,1,0,0,0
2019-08-25,2019,2,Caykur Rizespor,Sivasspor,2-1,2,1,T1,1,3,1,H,0-0,0,0,0,0,D,1,0,0,0
2019-08-25,2019,2,Trabzonspor,Yeni Malatyaspor,2-1,2,1,T1,1,3,1,H,1-0,1,0,1,1,H,1,0,0,0
2019-08-25,2019,2,Galatasaray,Konyaspor,1-1,1,1,T1,1,2,0,D,0-0,0,0,0,0,D,1,0,1,0
2019-08-26,2019,2,Gaziantep FK,Genclerbirligi,4-1,4,1,T1,1,5,3,H,2-0,2,0,2,2,H,1,0,0,2
2019-08-30,2019,3,Kayserispor,Galatasaray,2-3,2,3,T1,1,5,-1,A,1-0,1,0,1,1,H,1,0,3,1
2019-08-30,2019,3,Kasimpasa,MKE Ankaragucu,0-1,0,1,T1,1,1,-1,A,0-1,0,1,1,-1,A,1,0,0,0
2019-08-31,2019,3,Konyaspor,Antalyaspor,2-2,2,2,T1,1,4,0,D,0-1,0,1,1,-1,A,1,0,0,0
2019-08-31,2019,3,Besiktas,Caykur Rizespor,1-1,1,1,T1,1,2,0,D,0-1,0,1,1,-1,A,1,0,0,0
2019-08-31,2019,3,Goztepe,Denizlispor,0-0,0,0,T1,1,0,0,D,0-0,0,0,0,0,D,1,0,0,1
2019-09-01,2019,3,Yeni Malatyaspor,Alanyaspor,2-3,2,3,T1,1,5,-1,A,0-3,0,3,3,-3,A,1,0,0,0
2019-09-01,2019,3,Fenerbahce,Trabzonspor,1-1,1,1,T1,1,2,0,D,1-1,1,1,2,0,D,1,0,0,0
2019-09-01,2019,3,Genclerbirligi,Basaksehir FK,1-2,1,2,T1,1,3,-1,A,1-0,1,0,1,1,H,1,0,0,0
2019-09-01,2019,3,Sivasspor,Gaziantep FK,1-1,1,1,T1,1,2,0,D,0-1,0,1,1,-1,A,1,0,0,0
2019-09-13,2019,4,Galatasaray,Kasimpasa,1-0,1,0,T1,1,1,1,H,1-0,1,0,1,1,H,1,0,0,0
2019-09-14,2019,4,Basaksehir FK,Sivasspor,1-1,1,1,T1,1,2,0,D,0-1,0,1,1,-1,A,1,0,0,0
2019-09-14,2019,4,Gaziantep FK,Besiktas,3-2,3,2,T1,1,5,1,H,1-0,1,0,1,1,H,1,0,1,2
2019-09-14,2019,4,Antalyaspor,Kayserispor,2-2,2,2,T1,1,4,0,D,1-1,1,1,2,0,D,1,0,0,0
2019-09-15,2019,4,Denizlispor,Konyaspor,0-1,0,1,T1,1,1,-1,A,0-0,0,0,0,0,D,1,0,0,0
2019-09-15,2019,4,Caykur Rizespor,Goztepe,0-0,0,0,T1,1,0,0,D,0-0,0,0,0,0,D,1,0,0,0
2019-09-15,2019,4,MKE Ankaragucu,Yeni Malatyaspor,0-4,0,4,T1,1,4,-4,A,0-3,0,3,3,-3,A,1,0,1,0
2019-09-15,2019,4,Trabzonspor,Genclerbirligi,2-2,2,2,T1,1,4,0,D,1-1,1,1,2,0,D,1,0,0,0
2019-09-16,2019,4,Alanyaspor,Fenerbahce,3-1,3,1,T1,1,4,2,H,1-1,1,1,2,0,D,1,0,0,0
2019-09-20,2019,5,Goztepe,Konyaspor,1-0,1,0,T1,1,1,1,H,0-0,0,0,0,0,D,1,0,1,0
2019-09-21,2019,5,Kasimpasa,Antalyaspor,3-0,3,0,T1,1,3,3,H,0-0,0,0,0,0,D,1,0,0,0
2019-09-21,2019,5,Kayserispor,Denizlispor,1-1,1,1,T1,1,2,0,D,1-0,1,0,1,1,H,1,0,0,0
2019-09-21,2019,5,Fenerbahce,MKE Ankaragucu,2-1,2,1,T1,1,3,1,H,1-1,1,1,2,0,D,1,0,0,0
2019-09-22,2019,5,Caykur Rizespor,Gaziantep FK,1-2,1,2,T1,1,3,-1,A,0-2,0,2,2,-2,A,1,0,0,0
2019-09-22,2019,5,Genclerbirligi,Alanyaspor,1-1,1,1,T1,1,2,0,D,1-0,1,0,1,1,H,1,0,0,0
2019-09-22,2019,5,Yeni Malatyaspor,Galatasaray,1-1,1,1,T1,1,2,0,D,0-1,0,1,1,-1,A,1,0,0,0
2019-09-23,2019,5,Sivasspor,Trabzonspor,2-1,2,1,T1,1,3,1,H,1-1,1,1,2,0,D,1,0,0,0
2019-09-23,2019,5,Besiktas,Basaksehir FK,1-1,1,1,T1,1,2,0,D,0-0,0,0,0,0,D,1,0,0,0
2019-09-27,2019,6,Basaksehir FK,Caykur Rizespor,5-0,5,0,T1,1,5,5,H,2-0,2,0,2,2,H,1,0,0,0
2019-09-28,2019,6,Denizlispor,Kasimpasa,0-1,0,1,T1,1,1,-1,A,0-0,0,0,0,0,D,1,0,0,0
2019-09-28,2019,6,Alanyaspor,Sivasspor,1-1,1,1,T1,1,2,0,D,0-1,0,1,1,-1,A,1,0,0,0
2019-09-28,2019,6,Galatasaray,Fenerbahce,0-0,0,0,T1,1,0,0,D,0-0,0,0,0,0,D,1,0,0,0
2019-09-29,2019,6,Konyaspor,Kayserispor,2-1,2,1,T1,1,3,1,H,1-1,1,1,2,0,D,1,0,0,2
2019-09-29,2019,6,Antalyaspor,Yeni Malatyaspor,3-0,3,0,T1,1,3,3,H,1-0,1,0,1,1,H,1,0,0,1
2019-09-29,2019,6,MKE Ankaragucu,Genclerbirligi,2-1,2,1,T1,1,3,1,H,0-0,0,0,0,0,D,1,0,0,0
2019-09-29,2019,6,Trabzonspor,Besiktas,4-1,4,1,T1,1,5,3,H,2-0,2,0,2,2,H,1,0,0,0
2019-09-30,2019,6,Gaziantep FK,Goztepe,1-1,1,1,T1,1,2,0,D,0-0,0,0,0,0,D,1,0,0,1
2019-10-04,2019,7,Fenerbahce,Antalyaspor,0-1,0,1,T1,1,1,-1,A,0-1,0,1,1,-1,A,1,0,0,0
2019-10-04,2019,7,Yeni Malatyaspor,Denizlispor,5-1,5,1,T1,1,6,4,H,2-0,2,0,2,2,H,1,0,0,0
2019-10-05,2019,7,Kasimpasa,Konyaspor,1-4,1,4,T1,1,5,-3,A,1-3,1,3,4,-2,A,1,0,0,0
2019-10-05,2019,7,Goztepe,Kayserispor,4-0,4,0,T1,1,4,4,H,3-0,3,0,3,3,H,1,0,0,0
2019-10-05,2019,7,Genclerbirligi,Galatasaray,0-0,0,0,T1,1,0,0,D,0-0,0,0,0,0,D,1,0,1,0
2019-10-06,2019,7,Sivasspor,MKE Ankaragucu,3-1,3,1,T1,1,4,2,H,1-1,1,1,2,0,D,1,0,0,0
2019-10-06,2019,7,Besiktas,Alanyaspor,2-0,2,0,T1,1,2,2,H,0-0,0,0,0,0,D,1,0,0,0
2019-10-06,2019,7,Gaziantep FK,Basaksehir FK,1-2,1,2,T1,1,3,-1,A,1-1,1,1,2,0,D,1,0,1,0
2019-10-06,2019,7,Caykur Rizespor,Trabzonspor,1-2,1,2,T1,1,3,-1,A,1-0,1,0,1,1,H,1,0,0,0
2019-10-18,2019,8,Galatasaray,Sivasspor,3-2,3,2,T1,1,5,1,H,2-0,2,0,2,2,H,1,0,0,1
2019-10-19,2019,8,MKE Ankaragucu,Besiktas,0-0,0,0,T1,1,0,0,D,0-0,0,0,0,0,D,1,0,1,0
2019-10-19,2019,8,Trabzonspor,Gaziantep FK,4-1,4,1,T1,1,5,3,H,2-0,2,0,2,2,H,1,0,0,1
2019-10-19,2019,8,Antalyaspor,Genclerbirligi,0-6,0,6,T1,1,6,-6,A,0-5,0,5,5,-5,A,1,0,1,0
2019-10-19,2019,8,Basaksehir FK,Goztepe,2-1,2,1,T1,1,3,1,H,1-0,1,0,1,1,H,1,0,0,0
2019-10-20,2019,8,Denizlispor,Fenerbahce,1-2,1,2,T1,1,3,-1,A,0-1,0,1,1,-1,A,1,0,0,0
2019-10-20,2019,8,Kayserispor,Kasimpasa,1-1,1,1,T1,1,2,0,D,0-1,0,1,1,-1,A,1,0,0,0
2019-10-20,2019,8,Alanyaspor,Caykur Rizespor,5-2,5,2,T1,1,7,3,H,2-0,2,0,2,2,H,1,0,0,0
2019-10-21,2019,8,Konyaspor,Yeni Malatyaspor,0-2,0,2,T1,1,2,-2,A,0-1,0,1,1,-1,A,1,0,1,0
2019-10-25,2019,9,Caykur Rizespor,MKE Ankaragucu,2-0,2,0,T1,1,2,2,H,1-0,1,0,1,1,H,1,0,0,0
2019-10-26,2019,9,Fenerbahce,Konyaspor,5-1,5,1,T1,1,6,4,H,3-1,3,1,4,2,H,1,0,0,0
2019-10-26,2019,9,Gaziantep FK,Alanyaspor,1-1,1,1,T1,1,2,0,D,0-1,0,1,1,-1,A,1,0,0,0
2019-10-26,2019,9,Sivasspor,Antalyaspor,2-1,2,1,T1,1,3,1,H,0-0,0,0,0,0,D,1,0,0,0
2019-10-27,2019,9,Yeni Malatyaspor,Kayserispor,4-0,4,0,T1,1,4,4,H,1-0,1,0,1,1,H,1,0,0,0
2019-10-27,2019,9,Genclerbirligi,Denizlispor,0-2,0,2,T1,1,2,-2,A,0-1,0,1,1,-1,A,1,0,0,0
2019-10-27,2019,9,Goztepe,Kasimpasa,1-4,1,4,T1,1,5,-3,A,1-1,1,1,2,0,D,1,0,0,0
2019-10-27,2019,9,Besiktas,Galatasaray,1-0,1,0,T1,1,1,1,H,0-0,0,0,0,0,D,1,0,0,0
2019-10-28,2019,9,Basaksehir FK,Trabzonspor,2-2,2,2,T1,1,4,0,D,0-0,0,0,0,0,D,1,0,0,0
2019-11-01,2019,10,Galatasaray,Caykur Rizespor,2-0,2,0,T1,1,2,2,H,2-0,2,0,2,2,H,1,0,0,0
2019-11-02,2019,10,Antalyaspor,Besiktas,1-2,1,2,T1,1,3,-1,A,0-2,0,2,2,-2,A,1,0,0,0
2019-11-02,2019,10,Trabzonspor,Goztepe,0-1,0,1,T1,1,1,-1,A,0-1,0,1,1,-1,A,1,0,0,0
2019-11-02,2019,10,Alanyaspor,Basaksehir FK,0-0,0,0,T1,1,0,0,D,0-0,0,0,0,0,D,1,0,0,0
2019-11-02,2019,10,Konyaspor,Genclerbirligi,1-1,1,1,T1,1,2,0,D,1-0,1,0,1,1,H,1,0,0,0
2019-11-03,2019,10,Denizlispor,Sivasspor,0-2,0,2,T1,1,2,-2,A,0-1,0,1,1,-1,A,1,0,0,0
2019-11-03,2019,10,Kasimpasa,Yeni Malatyaspor,2-2,2,2,T1,1,4,0,D,1-0,1,0,1,1,H,1,0,0,1
2019-11-03,2019,10,Kayserispor,Fenerbahce,1-0,1,0,T1,1,1,1,H,0-0,0,0,0,0,D,1,0,0,0
2019-11-04,2019,10,MKE Ankaragucu,Gaziantep FK,1-2,1,2,T1,1,3,-1,A,0-1,0,1,1,-1,A,1,0,0,0
2019-11-08,2019,11,Fenerbahce,Kasimpasa,3-2,3,2,T1,1,5,1,H,2-1,2,1,3,1,H,1,0,1,1
2019-11-09,2019,11,Gaziantep FK,Galatasaray,0-2,0,2,T1,1,2,-2,A,0-2,0,2,2,-2,A,1,0,0,0
2019-11-09,2019,11,Sivasspor,Konyaspor,2-0,2,0,T1,1,2,2,H,0-0,0,0,0,0,D,1,0,0,1
2019-11-09,2019,11,Caykur Rizespor,Antalyaspor,1-0,1,0,T1,1,1,1,H,1-0,1,0,1,1,H,1,0,1,0
2019-11-09,2019,11,Genclerbirligi,Kayserispor,2-1,2,1,T1,1,3,1,H,1-0,1,0,1,1,H,1,0,0,0
2019-11-10,2019,11,Goztepe,Yeni Malatyaspor,1-1,1,1,T1,1,2,0,D,1-0,1,0,1,1,H,1,0,1,1
2019-11-10,2019,11,Trabzonspor,Alanyaspor,1-0,1,0,T1,1,1,1,H,0-0,0,0,0,0,D,1,0,1,1
2019-11-10,2019,11,Besiktas,Denizlispor,1-0,1,0,T1,1,1,1,H,0-0,0,0,0,0,D,1,0,0,0
2019-11-10,2019,11,Basaksehir FK,MKE Ankaragucu,2-1,2,1,T1,1,3,1,H,1-0,1,0,1,1,H,1,0,0,0
2019-11-22,2019,12,Galatasaray,Basaksehir FK,0-1,0,1,T1,1,1,-1,A,0-0,0,0,0,0,D,1,0,0,0
2019-11-23,2019,12,MKE Ankaragucu,Trabzonspor,0-3,0,3,T1,1,3,-3,A,0-1,0,1,1,-1,A,1,0,1,0
2019-11-23,2019,12,Konyaspor,Besiktas,0-1,0,1,T1,1,1,-1,A,0-0,0,0,0,0,D,1,0,0,0
2019-11-23,2019,12,Denizlispor,Caykur Rizespor,2-0,2,0,T1,1,2,2,H,0-0,0,0,0,0,D,1,0,0,0
2019-11-24,2019,12,Kayserispor,Sivasspor,1-4,1,4,T1,1,5,-3,A,1-1,1,1,2,0,D,1,0,0,0
2019-11-24,2019,12,Kasimpasa,Genclerbirligi,1-2,1,2,T1,1,3,-1,A,0-0,0,0,0,0,D,1,0,0,0
2019-11-24,2019,12,Alanyaspor,Goztepe,0-1,0,1,T1,1,1,-1,A,0-0,0,0,0,0,D,1,0,0,0
2019-11-24,2019,12,Yeni Malatyaspor,Fenerbahce,0-0,0,0,T1,1,0,0,D,0-0,0,0,0,0,D,1,0,0,0
2019-11-25,2019,12,Antalyaspor,Gaziantep FK,1-1,1,1,T1,1,2,0,D,0-1,0,1,1,-1,A,1,0,0,0
2019-11-29,2019,13,Genclerbirligi,Yeni Malatyaspor,3-3,3,3,T1,1,6,0,D,0-1,0,1,1,-1,A,1,0,0,0
2019-11-30,2019,13,Goztepe,Fenerbahce,2-2,2,2,T1,1,4,0,D,1-1,1,1,2,0,D,1,0,0,1
2019-11-30,2019,13,Sivasspor,Kasimpasa,2-0,2,0,T1,1,2,2,H,2-0,2,0,2,2,H,1,0,0,0
2019-11-30,2019,13,Caykur Rizespor,Konyaspor,3-1,3,1,T1,1,4,2,H,2-1,2,1,3,1,H,1,0,0,0
2019-11-30,2019,13,Alanyaspor,MKE Ankaragucu,5-0,5,0,T1,1,5,5,H,2-0,2,0,2,2,H,1,0,0,0
2019-12-01,2019,13,Gaziantep FK,Denizlispor,1-2,1,2,T1,1,3,-1,A,0-0,0,0,0,0,D,1,0,0,0
2019-12-01,2019,13,Basaksehir FK,Antalyaspor,2-0,2,0,T1,1,2,2,H,0-0,0,0,0,0,D,1,0,0,0
2019-12-01,2019,13,Trabzonspor,Galatasaray,1-1,1,1,T1,1,2,0,D,0-0,0,0,0,0,D,1,0,0,0
2019-12-02,2019,13,Besiktas,Kayserispor,4-1,4,1,T1,1,5,3,H,3-0,3,0,3,3,H,1,0,0,0
2019-12-06,2019,14,Fenerbahce,Genclerbirligi,5-2,5,2,T1,1,7,3,H,3-1,3,1,4,2,H,1,0,0,0
2019-12-07,2019,14,Yeni Malatyaspor,Sivasspor,1-3,1,3,T1,1,4,-2,A,1-2,1,2,3,-1,A,1,0,0,0
2019-12-07,2019,14,MKE Ankaragucu,Goztepe,1-3,1,3,T1,1,4,-2,A,1-1,1,1,2,0,D,1,0,0,0
2019-12-07,2019,14,Galatasaray,Alanyaspor,1-0,1,0,T1,1,1,1,H,1-0,1,0,1,1,H,1,0,0,0
2019-12-08,2019,14,Konyaspor,Gaziantep FK,0-0,0,0,T1,1,0,0,D,0-0,0,0,0,0,D,1,0,0,0
2019-12-08,2019,14,Denizlispor,Basaksehir FK,1-1,1,1,T1,1,2,0,D,0-0,0,0,0,0,D,1,0,0,0
2019-12-08,2019,14,Antalyaspor,Trabzonspor,1-3,1,3,T1,1,4,-2,A,1-3,1,3,4,-2,A,1,0,0,0
2019-12-08,2019,14,Kasimpasa,Besiktas,2-3,2,3,T1,1,5,-1,A,1-1,1,1,2,0,D,1,0,1,0
2019-12-09,2019,14,Kayserispor,Caykur Rizespor,1-0,1,0,T1,1,1,1,H,1-0,1,0,1,1,H,1,0,0,0
2019-12-13,2019,15,Alanyaspor,Antalyaspor,0-0,0,0,T1,1,0,0,D,0-0,0,0,0,0,D,1,0,0,0
2019-12-14,2019,15,Galatasaray,MKE Ankaragucu,2-2,2,2,T1,1,4,0,D,0-0,0,0,0,0,D,1,0,0,1
2019-12-14,2019,15,Caykur Rizespor,Kasimpasa,0-3,0,3,T1,1,3,-3,A,0-2,0,2,2,-2,A,1,0,1,0
2019-12-14,2019,15,Genclerbirligi,Goztepe,3-1,3,1,T1,1,4,2,H,2-1,2,1,3,1,H,1,0,0,0
2019-12-15,2019,15,Gaziantep FK,Kayserispor,3-0,3,0,T1,1,3,3,H,0-0,0,0,0,0,D,1,0,0,0
2019-12-15,2019,15,Sivasspor,Fenerbahce,3-1,3,1,T1,1,4,2,H,1-0,1,0,1,1,H,1,0,0,2
2019-12-15,2019,15,Besiktas,Yeni Malatyaspor,0-2,0,2,T1,1,2,-2,A,0-0,0,0,0,0,D,1,0,1,0
2019-12-16,2019,15,Basaksehir FK,Konyaspor,1-1,1,1,T1,1,2,0,D,1-0,1,0,1,1,H,1,0,0,0
2019-12-16,2019,15,Trabzonspor,Denizlispor,1-2,1,2,T1,1,3,-1,A,1-0,1,0,1,1,H,1,0,0,0
2019-12-20,2019,16,Antalyaspor,MKE Ankaragucu,2-2,2,2,T1,1,4,0,D,1-0,1,0,1,1,H,1,0,0,0
2019-12-21,2019,16,Yeni Malatyaspor,Caykur Rizespor,0-2,0,2,T1,1,2,-2,A,0-1,0,1,1,-1,A,1,0,0,0
2019-12-21,2019,16,Kasimpasa,Gaziantep FK,3-4,3,4,T1,1,7,-1,A,1-4,1,4,5,-3,A,1,0,0,0
2019-12-21,2019,16,Goztepe,Galatasaray,2-1,2,1,T1,1,3,1,H,1-1,1,1,2,0,D,1,0,0,0
2019-12-22,2019,16,Kayserispor,Basaksehir FK,1-4,1,4,T1,1,5,-3,A,1-2,1,2,3,-1,A,1,0,0,0
2019-12-22,2019,16,Genclerbirligi,Sivasspor,2-2,2,2,T1,1,4,0,D,0-1,0,1,1,-1,A,1,0,0,0
2019-12-22,2019,16,Fenerbahce,Besiktas,3-1,3,1,T1,1,4,2,H,2-1,2,1,3,1,H,1,0,0,0
2019-12-23,2019,16,Konyaspor,Trabzonspor,0-1,0,1,T1,1,1,-1,A,0-1,0,1,1,-1,A,1,0,1,0
2019-12-23,2019,16,Denizlispor,Alanyaspor,1-5,1,5,T1,1,6,-4,A,0-3,0,3,3,-3,A,1,0,0,0
2019-12-27,2019,17,Besiktas,Genclerbirligi,4-1,4,1,T1,1,5,3,H,0-1,0,1,1,-1,A,1,0,0,2
2019-12-28,2019,17,Trabzonspor,Kayserispor,6-2,6,2,T1,1,8,4,H,2-1,2,1,3,1,H,1,0,0,0
2019-12-28,2019,17,Galatasaray,Antalyaspor,5-0,5,0,T1,1,5,5,H,3-0,3,0,3,3,H,1,0,0,0
2019-12-28,2019,17,MKE Ankaragucu,Denizlispor,2-2,2,2,T1,1,4,0,D,0-2,0,2,2,-2,A,1,0,0,1
2019-12-28,2019,17,Basaksehir FK,Kasimpasa,5-1,5,1,T1,1,6,4,H,4-0,4,0,4,4,H,1,0,0,0
2019-12-29,2019,17,Caykur Rizespor,Fenerbahce,1-2,1,2,T1,1,3,-1,A,1-1,1,1,2,0,D,1,0,0,0
2019-12-29,2019,17,Gaziantep FK,Yeni Malatyaspor,1-1,1,1,T1,1,2,0,D,1-0,1,0,1,1,H,1,0,1,1
2019-12-29,2019,17,Sivasspor,Goztepe,1-0,1,0,T1,1,1,1,H,0-0,0,0,0,0,D,1,0,0,0
2019-12-29,2019,17,Alanyaspor,Konyaspor,2-1,2,1,T1,1,3,1,H,1-1,1,1,2,0,D,1,0,0,0
2020-01-17,2019,18,MKE Ankaragucu,Konyaspor,0-1,0,1,T1,1,1,-1,A,0-0,0,0,0,0,D,1,0,0,0
2020-01-18,2019,18,Alanyaspor,Kayserispor,5-1,5,1,T1,1,6,4,H,1-0,1,0,1,1,H,1,0,0,1
2020-01-18,2019,18,Basaksehir FK,Yeni Malatyaspor,4-1,4,1,T1,1,5,3,H,4-0,4,0,4,4,H,1,0,0,0
2020-01-18,2019,18,Gaziantep FK,Fenerbahce,0-2,0,2,T1,1,2,-2,A,0-0,0,0,0,0,D,1,0,0,1
2020-01-19,2019,18,Antalyaspor,Goztepe,0-3,0,3,T1,1,3,-3,A,0-3,0,3,3,-3,A,1,0,1,0
2020-01-19,2019,18,Trabzonspor,Kasimpasa,6-0,6,0,T1,1,6,6,H,3-0,3,0,3,3,H,1,0,0,1
2020-01-19,2019,18,Galatasaray,Denizlispor,2-1,2,1,T1,1,3,1,H,1-0,1,0,1,1,H,1,0,0,0
2020-01-19,2019,18,Besiktas,Sivasspor,1-2,1,2,T1,1,3,-1,A,1-2,1,2,3,-1,A,1,0,0,1
2020-01-20,2019,18,Caykur Rizespor,Genclerbirligi,2-0,2,0,T1,1,2,2,H,0-0,0,0,0,0,D,1,0,0,0
2020-01-24,2019,19,Genclerbirligi,Gaziantep FK,1-0,1,0,T1,1,1,1,H,0-0,0,0,0,0,D,1,0,0,0
2020-01-25,2019,19,Kayserispor,MKE Ankaragucu,1-1,1,1,T1,1,2,0,D,1-0,1,0,1,1,H,1,0,0,1
2020-01-25,2019,19,Kasimpasa,Alanyaspor,1-2,1,2,T1,1,3,-1,A,0-1,0,1,1,-1,A,1,0,1,0
2020-01-25,2019,19,Fenerbahce,Basaksehir FK,2-0,2,0,T1,1,2,2,H,0-0,0,0,0,0,D,1,0,0,0
2020-01-26,2019,19,Konyaspor,Galatasaray,0-3,0,3,T1,1,3,-3,A,0-2,0,2,2,-2,A,1,0,0,0
2020-01-26,2019,19,Goztepe,Besiktas,2-1,2,1,T1,1,3,1,H,2-1,2,1,3,1,H,1,0,0,0
2020-01-26,2019,19,Denizlispor,Antalyaspor,0-3,0,3,T1,1,3,-3,A,0-2,0,2,2,-2,A,1,0,0,0
2020-01-27,2019,19,Sivasspor,Caykur Rizespor,1-1,1,1,T1,1,2,0,D,0-0,0,0,0,0,D,1,0,0,0
2020-01-31,2019,20,Basaksehir FK,Genclerbirligi,3-1,3,1,T1,1,4,2,H,1-1,1,1,2,0,D,1,0,0,0
2020-02-01,2019,20,Antalyaspor,Konyaspor,0-0,0,0,T1,1,0,0,D,0-0,0,0,0,0,D,1,0,0,0
2020-02-01,2019,20,Caykur Rizespor,Besiktas,1-2,1,2,T1,1,3,-1,A,1-1,1,1,2,0,D,1,0,0,0
2020-02-01,2019,20,Trabzonspor,Fenerbahce,2-1,2,1,T1,1,3,1,H,2-1,2,1,3,1,H,1,0,0,1
2020-02-02,2019,20,MKE Ankaragucu,Kasimpasa,1-1,1,1,T1,1,2,0,D,0-1,0,1,1,-1,A,1,0,0,0
2020-02-02,2019,20,Gaziantep FK,Sivasspor,5-1,5,1,T1,1,6,4,H,3-1,3,1,4,2,H,1,0,0,0
2020-02-02,2019,20,Alanyaspor,Yeni Malatyaspor,2-1,2,1,T1,1,3,1,H,1-0,1,0,1,1,H,1,0,1,0
2020-02-02,2019,20,Galatasaray,Kayserispor,4-1,4,1,T1,1,5,3,H,2-0,2,0,2,2,H,1,0,0,0
2020-02-03,2019,20,Denizlispor,Goztepe,1-1,1,1,T1,1,2,0,D,0-1,0,1,1,-1,A,1,0,0,0
2020-02-07,2019,21,Yeni Malatyaspor,MKE Ankaragucu,0-1,0,1,T1,1,1,-1,A,0-0,0,0,0,0,D,1,0,1,0
2020-02-08,2019,21,Fenerbahce,Alanyaspor,1-1,1,1,T1,1,2,0,D,0-1,0,1,1,-1,A,1,0,0,0
2020-02-08,2019,21,Konyaspor,Denizlispor,0-0,0,0,T1,1,0,0,D,0-0,0,0,0,0,D,1,0,0,0
2020-02-08,2019,21,Besiktas,Gaziantep FK,3-0,3,0,T1,1,3,3,H,0-0,0,0,0,0,D,1,0,0,0
2020-02-08,2019,21,Genclerbirligi,Trabzonspor,0-2,0,2,T1,1,2,-2,A,0-0,0,0,0,0,D,1,0,0,1
2020-02-09,2019,21,Sivasspor,Basaksehir FK,1-1,1,1,T1,1,2,0,D,0-0,0,0,0,0,D,1,0,0,0
2020-02-09,2019,21,Kasimpasa,Galatasaray,0-3,0,3,T1,1,3,-3,A,0-3,0,3,3,-3,A,1,0,0,0
2020-02-09,2019,21,Kayserispor,Antalyaspor,2-2,2,2,T1,1,4,0,D,1-1,1,1,2,0,D,1,0,0,0
2020-02-14,2019,22,Basaksehir FK,Besiktas,1-0,1,0,T1,1,1,1,H,0-0,0,0,0,0,D,1,0,0,0
2020-02-15,2019,22,Denizlispor,Kayserispor,0-1,0,1,T1,1,1,-1,A,0-0,0,0,0,0,D,1,0,0,0
2020-02-15,2019,22,Konyaspor,Goztepe,1-3,1,3,T1,1,4,-2,A,1-1,1,1,2,0,D,1,0,0,0
2020-02-15,2019,22,MKE Ankaragucu,Fenerbahce,2-1,2,1,T1,1,3,1,H,1-0,1,0,1,1,H,1,0,0,0
2020-02-16,2019,22,Alanyaspor,Genclerbirligi,0-1,0,1,T1,1,1,-1,A,0-0,0,0,0,0,D,1,0,0,0
2020-02-16,2019,22,Trabzonspor,Sivasspor,2-1,2,1,T1,1,3,1,H,2-0,2,0,2,2,H,1,0,0,0
2020-02-16,2019,22,Galatasaray,Yeni Malatyaspor,1-0,1,0,T1,1,1,1,H,1-0,1,0,1,1,H,1,0,0,0
2020-02-17,2019,22,Gaziantep FK,Caykur Rizespor,2-0,2,0,T1,1,2,2,H,0-0,0,0,0,0,D,1,0,0,1
2020-02-17,2019,22,Antalyaspor,Kasimpasa,3-1,3,1,T1,1,4,2,H,0-0,0,0,0,0,D,1,0,0,0
2020-02-21,2019,23,Sivasspor,Alanyaspor,1-0,1,0,T1,1,1,1,H,1-0,1,0,1,1,H,1,0,0,0
2020-02-22,2019,23,Goztepe,Gaziantep FK,1-1,1,1,T1,1,2,0,D,0-0,0,0,0,0,D,1,0,0,0
2020-02-22,2019,23,Kayserispor,Konyaspor,2-2,2,2,T1,1,4,0,D,1-2,1,2,3,-1,A,1,0,0,0
2020-02-22,2019,23,Besiktas,Trabzonspor,2-2,2,2,T1,1,4,0,D,0-1,0,1,1,-1,A,1,0,0,0
2020-02-23,2019,23,Fenerbahce,Galatasaray,1-3,1,3,T1,1,4,-2,A,1-1,1,1,2,0,D,1,0,1,1
2020-02-23,2019,23,Genclerbirligi,MKE Ankaragucu,1-0,1,0,T1,1,1,1,H,0-0,0,0,0,0,D,1,0,0,0
2020-02-23,2019,23,Yeni Malatyaspor,Antalyaspor,1-2,1,2,T1,1,3,-1,A,1-1,1,1,2,0,D,1,0,0,1
2020-02-24,2019,23,Caykur Rizespor,Basaksehir FK,1-2,1,2,T1,1,3,-1,A,0-1,0,1,1,-1,A,1,0,0,0
2020-02-24,2019,23,Kasimpasa,Denizlispor,2-0,2,0,T1,1,2,2,H,1-0,1,0,1,1,H,1,0,0,0
2020-02-28,2019,24,Alanyaspor,Besiktas,1-2,1,2,T1,1,3,-1,A,1-0,1,0,1,1,H,1,0,0,0
2020-02-29,2019,24,Konyaspor,Kasimpasa,0-0,0,0,T1,1,0,0,D,0-0,0,0,0,0,D,1,0,0,0
2020-02-29,2019,24,Trabzonspor,Caykur Rizespor,5-2,5,2,T1,1,7,3,H,0-1,0,1,1,-1,A,1,0,1,0
2020-02-29,2019,24,Antalyaspor,Fenerbahce,2-2,2,2,T1,1,4,0,D,0-1,0,1,1,-1,A,1,0,1,0
2020-03-01,2019,24,Galatasaray,Genclerbirligi,3-0,3,0,T1,1,3,3,H,2-0,2,0,2,2,H,1,0,0,0
2020-03-01,2019,24,Denizlispor,Yeni Malatyaspor,2-0,2,0,T1,1,2,2,H,1-0,1,0,1,1,H,1,0,0,1
2020-03-01,2019,24,MKE Ankaragucu,Sivasspor,0-3,0,3,T1,1,3,-3,A,0-0,0,0,0,0,D,1,0,1,0
2020-03-02,2019,24,Basaksehir FK,Gaziantep FK,3-1,3,1,T1,1,4,2,H,0-0,0,0,0,0,D,1,0,0,0
2020-03-02,2019,24,Kayserispor,Goztepe,1-0,1,0,T1,1,1,1,H,0-0,0,0,0,0,D,1,0,0,0
2020-03-06,2019,25,Besiktas,MKE Ankaragucu,2-1,2,1,T1,1,3,1,H,1-0,1,0,1,1,H,1,0,0,0
2020-03-07,2019,25,Yeni Malatyaspor,Konyaspor,1-1,1,1,T1,1,2,0,D,0-1,0,1,1,-1,A,1,0,1,1
2020-03-07,2019,25,Gaziantep FK,Trabzonspor,1-1,1,1,T1,1,2,0,D,0-1,0,1,1,-1,A,1,0,0,0
2020-03-07,2019,25,Fenerbahce,Denizlispor,2-2,2,2,T1,1,4,0,D,1-1,1,1,2,0,D,1,0,1,0
2020-03-07,2019,25,Goztepe,Basaksehir FK,0-3,0,3,T1,1,3,-3,A,0-1,0,1,1,-1,A,1,0,0,1
2020-03-08,2019,25,Caykur Rizespor,Alanyaspor,1-1,1,1,T1,1,2,0,D,0-1,0,1,1,-1,A,1,0,0,0
2020-03-08,2019,25,Sivasspor,Galatasaray,2-2,2,2,T1,1,4,0,D,1-2,1,2,3,-1,A,1,0,0,0
2020-03-08,2019,25,Kasimpasa,Kayserispor,5-1,5,1,T1,1,6,4,H,3-0,3,0,3,3,H,1,0,0,0
2020-03-09,2019,25,Genclerbirligi,Antalyaspor,1-1,1,1,T1,1,2,0,D,0-0,0,0,0,0,D,1,0,0,0
2020-03-11,2019,19,Yeni Malatyaspor,Trabzonspor,1-3,1,3,T1,1,4,-2,A,1-2,1,2,3,-1,A,1,0,0,0
2020-03-13,2019,26,Kasimpasa,Goztepe,2-0,2,0,T1,1,2,2,H,1-0,1,0,1,1,H,0,0,0,0
2020-03-13,2019,26,MKE Ankaragucu,Caykur Rizespor,2-1,2,1,T1,1,3,1,H,2-1,2,1,3,1,H,0,0,0,1
2020-03-14,2019,26,Denizlispor,Genclerbirligi,1-0,1,0,T1,1,1,1,H,0-0,0,0,0,0,D,0,0,0,0
2020-03-14,2019,26,Alanyaspor,Gaziantep FK,1-0,1,0,T1,1,1,1,H,1-0,1,0,1,1,H,0,0,0,0
2020-03-14,2019,26,Konyaspor,Fenerbahce,1-0,1,0,T1,1,1,1,H,1-0,1,0,1,1,H,0,0,2,0
2020-03-15,2019,26,Trabzonspor,Basaksehir FK,1-1,1,1,T1,1,2,0,D,0-0,0,0,0,0,D,0,0,0,0
2020-03-15,2019,26,Kayserispor,Yeni Malatyaspor,2-1,2,1,T1,1,3,1,H,2-0,2,0,2,2,H,0,0,0,0
2020-03-15,2019,26,Galatasaray,Besiktas,0-0,0,0,T1,1,0,0,D,0-0,0,0,0,0,D,0,0,0,0
2020-03-16,2019,26,Antalyaspor,Sivasspor,1-0,1,0,T1,1,1,1,H,0-0,0,0,0,0,D,0,0,0,1
2020-03-17,2019,21,Goztepe,Caykur Rizespor,2-0,2,0,T1,1,2,2,H,0-0,0,0,0,0,D,0,0,0,0
2020-06-12,2019,27,Fenerbahce,Kayserispor,2-1,2,1,T1,1,3,1,H,0-0,0,0,0,0,D,0,0,1,0
2020-06-12,2019,27,Goztepe,Trabzonspor,1-3,1,3,T1,1,4,-2,A,0-1,0,1,1,-1,A,0,0,0,1
2020-06-13,2019,27,Basaksehir FK,Alanyaspor,2-0,2,0,T1,1,2,2,H,0-0,0,0,0,0,D,0,0,0,0
2020-06-13,2019,27,Besiktas,Antalyaspor,1-2,1,2,T1,1,3,-1,A,0-2,0,2,2,-2,A,0,0,0,0
2020-06-13,2019,27,Yeni Malatyaspor,Kasimpasa,1-2,1,2,T1,1,3,-1,A,1-0,1,0,1,1,H,0,0,0,0
2020-06-14,2019,27,Gaziantep FK,MKE Ankaragucu,1-1,1,1,T1,1,2,0,D,1-0,1,0,1,1,H,0,0,0,0
2020-06-14,2019,27,Caykur Rizespor,Galatasaray,2-0,2,0,T1,1,2,2,H,1-0,1,0,1,1,H,0,0,0,1
2020-06-14,2019,27,Genclerbirligi,Konyaspor,2-1,2,1,T1,1,3,1,H,0-0,0,0,0,0,D,0,0,0,0
2020-06-15,2019,27,Sivasspor,Denizlispor,1-0,1,0,T1,1,1,1,H,1-0,1,0,1,1,H,0,0,0,1
2020-06-19,2019,28,MKE Ankaragucu,Basaksehir FK,1-2,1,2,T1,1,3,-1,A,1-0,1,0,1,1,H,0,0,0,0
2020-06-20,2019,28,Kayserispor,Genclerbirligi,2-0,2,0,T1,1,2,2,H,1-0,1,0,1,1,H,0,0,0,0
2020-06-20,2019,28,Yeni Malatyaspor,Goztepe,2-1,2,1,T1,1,3,1,H,1-0,1,0,1,1,H,0,0,0,0
2020-06-20,2019,28,Denizlispor,Besiktas,1-5,1,5,T1,1,6,-4,A,0-1,0,1,1,-1,A,0,0,0,0
2020-06-21,2019,28,Konyaspor,Sivasspor,2-2,2,2,T1,1,4,0,D,2-1,2,1,3,1,H,0,0,0,0
2020-06-21,2019,28,Galatasaray,Gaziantep FK,3-3,3,3,T1,1,6,0,D,2-1,2,1,3,1,H,0,0,1,0
2020-06-21,2019,28,Kasimpasa,Fenerbahce,2-0,2,0,T1,1,2,2,H,0-0,0,0,0,0,D,0,0,0,0
2020-06-22,2019,28,Alanyaspor,Trabzonspor,2-2,2,2,T1,1,4,0,D,1-1,1,1,2,0,D,0,0,1,1
2020-06-22,2019,28,Antalyaspor,Caykur Rizespor,3-1,3,1,T1,1,4,2,H,1-0,1,0,1,1,H,0,0,0,0
2020-06-26,2019,29,Besiktas,Konyaspor,3-0,3,0,T1,1,3,3,H,2-0,2,0,2,2,H,0,0,0,1
2020-06-27,2019,29,Fenerbahce,Yeni Malatyaspor,3-2,3,2,T1,1,5,1,H,0-0,0,0,0,0,D,0,0,0,1
2020-06-27,2019,29,Goztepe,Alanyaspor,3-3,3,3,T1,1,6,0,D,1-2,1,2,3,-1,A,0,0,0,0
2020-06-27,2019,29,Trabzonspor,MKE Ankaragucu,1-1,1,1,T1,1,2,0,D,1-0,1,0,1,1,H,0,0,0,1
2020-06-28,2019,29,Gaziantep FK,Antalyaspor,1-1,1,1,T1,1,2,0,D,0-0,0,0,0,0,D,0,0,0,1
2020-06-28,2019,29,Basaksehir FK,Galatasaray,1-1,1,1,T1,1,2,0,D,0-0,0,0,0,0,D,0,0,1,0
2020-06-28,2019,29,Sivasspor,Kayserispor,0-2,0,2,T1,1,2,-2,A,0-1,0,1,1,-1,A,0,0,0,0
2020-06-28,2019,29,Caykur Rizespor,Denizlispor,2-2,2,2,T1,1,4,0,D,1-2,1,2,3,-1,A,0,0,0,0
2020-06-29,2019,29,Genclerbirligi,Kasimpasa,0-2,0,2,T1,1,2,-2,A,0-1,0,1,1,-1,A,0,0,0,0
2020-07-03,2019,30,Denizlispor,Gaziantep FK,0-1,0,1,T1,1,1,-1,A,0-1,0,1,1,-1,A,0,0,0,0
2020-07-04,2019,30,MKE Ankaragucu,Alanyaspor,1-4,1,4,T1,1,5,-3,A,0-0,0,0,0,0,D,0,0,0,0
2020-07-04,2019,30,Yeni Malatyaspor,Genclerbirligi,0-0,0,0,T1,1,0,0,D,0-0,0,0,0,0,D,0,0,0,0
2020-07-04,2019,30,Fenerbahce,Goztepe,2-1,2,1,T1,1,3,1,H,2-0,2,0,2,2,H,0,0,1,0
2020-07-04,2019,30,Antalyaspor,Basaksehir FK,0-2,0,2,T1,1,2,-2,A,0-0,0,0,0,0,D,0,0,0,0
2020-07-05,2019,30,Kasimpasa,Sivasspor,0-0,0,0,T1,1,0,0,D,0-0,0,0,0,0,D,0,0,1,0
2020-07-05,2019,30,Konyaspor,Caykur Rizespor,1-0,1,0,T1,1,1,1,H,0-0,0,0,0,0,D,0,0,0,0
2020-07-05,2019,30,Galatasaray,Trabzonspor,1-3,1,3,T1,1,4,-2,A,0-1,0,1,1,-1,A,0,0,1,0
2020-07-06,2019,30,Kayserispor,Besiktas,3-1,3,1,T1,1,4,2,H,0-0,0,0,0,0,D,0,0,0,0
2020-07-07,2019,31,Genclerbirligi,Fenerbahce,1-1,1,1,T1,1,2,0,D,0-0,0,0,0,0,D,0,0,0,0
2020-07-07,2019,31,Basaksehir FK,Denizlispor,2-0,2,0,T1,1,2,2,H,0-0,0,0,0,0,D,0,0,0,0
2020-07-08,2019,31,Alanyaspor,Galatasaray,4-1,4,1,T1,1,5,3,H,2-1,2,1,3,1,H,0,0,0,0
2020-07-08,2019,31,Goztepe,MKE Ankaragucu,2-2,2,2,T1,1,4,0,D,2-1,2,1,3,1,H,0,0,0,0
2020-07-08,2019,31,Sivasspor,Yeni Malatyaspor,0-1,0,1,T1,1,1,-1,A,0-0,0,0,0,0,D,0,0,0,0
2020-07-08,2019,31,Trabzonspor,Antalyaspor,2-2,2,2,T1,1,4,0,D,2-1,2,1,3,1,H,0,0,0,0
2020-07-09,2019,31,Caykur Rizespor,Kayserispor,3-2,3,2,T1,1,5,1,H,1-1,1,1,2,0,D,0,0,0,1
2020-07-09,2019,31,Besiktas,Kasimpasa,3-2,3,2,T1,1,5,1,H,1-2,1,2,3,-1,A,0,0,0,0
2020-07-09,2019,31,Gaziantep FK,Konyaspor,3-1,3,1,T1,1,4,2,H,0-1,0,1,1,-1,A,0,0,0,0
2020-07-11,2019,32,Goztepe,Genclerbirligi,1-3,1,3,T1,1,4,-2,A,0-2,0,2,2,-2,A,0,0,0,0
2020-07-12,2019,32,MKE Ankaragucu,Galatasaray,1-0,1,0,T1,1,1,1,H,0-0,0,0,0,0,D,0,0,0,0
2020-07-12,2019,32,Antalyaspor,Alanyaspor,1-0,1,0,T1,1,1,1,H,1-0,1,0,1,1,H,0,0,0,0
2020-07-12,2019,32,Fenerbahce,Sivasspor,1-2,1,2,T1,1,3,-1,A,1-2,1,2,3,-1,A,0,0,0,0
2020-07-13,2019,32,Denizlispor,Trabzonspor,2-1,2,1,T1,1,3,1,H,0-1,0,1,1,-1,A,0,0,0,0
2020-07-13,2019,32,Yeni Malatyaspor,Besiktas,0-1,0,1,T1,1,1,-1,A,0-0,0,0,0,0,D,0,0,0,0
2020-07-13,2019,32,Kasimpasa,Caykur Rizespor,2-0,2,0,T1,1,2,2,H,0-0,0,0,0,0,D,0,0,0,0
2020-07-13,2019,32,Kayserispor,Gaziantep FK,1-1,1,1,T1,1,2,0,D,0-0,0,0,0,0,D,0,0,2,0
2020-07-13,2019,32,Konyaspor,Basaksehir FK,4-3,4,3,T1,1,7,1,H,3-1,3,1,4,2,H,0,0,0,0
2020-07-18,2019,33,Galatasaray,Goztepe,3-1,3,1,T1,1,4,2,H,0-0,0,0,0,0,D,0,0,0,0
2020-07-18,2019,33,Gaziantep FK,Kasimpasa,2-2,2,2,T1,1,4,0,D,1-2,1,2,3,-1,A,0,0,0,0
2020-07-19,2019,33,MKE Ankaragucu,Antalyaspor,0-1,0,1,T1,1,1,-1,A,0-0,0,0,0,0,D,0,0,0,1
2020-07-19,2019,33,Trabzonspor,Konyaspor,3-4,3,4,T1,1,7,-1,A,1-1,1,1,2,0,D,0,0,0,0
2020-07-19,2019,33,Sivasspor,Genclerbirligi,2-0,2,0,T1,1,2,2,H,1-0,1,0,1,1,H,0,0,0,0
2020-07-19,2019,33,Besiktas,Fenerbahce,2-0,2,0,T1,1,2,2,H,0-0,0,0,0,0,D,0,0,0,1
2020-07-19,2019,33,Caykur Rizespor,Yeni Malatyaspor,3-0,3,0,T1,1,3,3,H,3-0,3,0,3,3,H,0,0,0,0
2020-07-19,2019,33,Basaksehir FK,Kayserispor,1-0,1,0,T1,1,1,1,H,1-0,1,0,1,1,H,0,0,0,0
2020-07-19,2019,33,Alanyaspor,Denizlispor,1-0,1,0,T1,1,1,1,H,0-0,0,0,0,0,D,0,0,0,0
2020-07-24,2019,34,Antalyaspor,Galatasaray,2-2,2,2,T1,1,4,0,D,1-0,1,0,1,1,H,0,0,0,0
2020-07-25,2019,34,Konyaspor,Alanyaspor,2-3,2,3,T1,1,5,-1,A,2-0,2,0,2,2,H,0,0,0,0
2020-07-25,2019,34,Kayserispor,Trabzonspor,1-2,1,2,T1,1,3,-1,A,0-0,0,0,0,0,D,0,0,0,0
2020-07-25,2019,34,Denizlispor,MKE Ankaragucu,0-1,0,1,T1,1,1,-1,A,0-0,0,0,0,0,D,0,0,0,0
2020-07-25,2019,34,Goztepe,Sivasspor,3-1,3,1,T1,1,4,2,H,1-0,1,0,1,1,H,0,0,1,0
2020-07-25,2019,34,Yeni Malatyaspor,Gaziantep FK,0-1,0,1,T1,1,1,-1,A,0-0,0,0,0,0,D,0,0,0,0
2020-07-25,2019,34,Fenerbahce,Caykur Rizespor,3-1,3,1,T1,1,4,2,H,1-0,1,0,1,1,H,0,0,0,0
2020-07-25,2019,34,Genclerbirligi,Besiktas,0-3,0,3,T1,1,3,-3,A,0-0,0,0,0,0,D,0,0,0,0
2020-07-26,2019,34,Kasimpasa,Basaksehir FK,3-2,3,2,T1,1,5,1,H,2-0,2,0,2,2,H,0,0,0,0
2020-09-11,2020,1,Caykur Rizespor,Fenerbahce,1-2,1,2,T1,1,3,-1,A,0-0,0,0,0,0,D,0,0,0,0
2020-09-12,2020,1,Fatih Karagumruk,Yeni Malatyaspor,3-0,3,0,T1,1,3,3,H,1-0,1,0,1,1,H,0,0,0,0
2020-09-12,2020,1,Sivasspor,Alanyaspor,0-2,0,2,T1,1,2,-2,A,0-1,0,1,1,-1,A,0,0,0,0
2020-09-12,2020,1,Goztepe,Denizlispor,5-1,5,1,T1,1,6,4,H,3-0,3,0,3,3,H,0,0,0,0
2020-09-12,2020,1,Galatasaray,Gaziantep FK,3-1,3,1,T1,1,4,2,H,3-0,3,0,3,3,H,0,0,0,0
2020-09-13,2020,1,Kayserispor,Kasimpasa,1-0,1,0,T1,1,1,1,H,1-0,1,0,1,1,H,0,0,0,0
2020-09-13,2020,1,MKE Ankaragucu,BB Erzurumspor,1-2,1,2,T1,1,3,-1,A,0-0,0,0,0,0,D,0,0,0,0
2020-09-13,2020,1,Trabzonspor,Besiktas,1-3,1,3,T1,1,4,-2,A,0-1,0,1,1,-1,A,0,0,1,0
2020-09-13,2020,1,Antalyaspor,Genclerbirligi,2-0,2,0,T1,1,2,2,H,1-0,1,0,1,1,H,0,0,0,0
2020-09-14,2020,1,Hatayspor,Basaksehir FK,2-0,2,0,T1,1,2,2,H,1-0,1,0,1,1,H,0,0,0,0
18/09/2020,2020,2,Yeni Malatyaspor,Goztepe,1-1,1,1,T1,1,2,0,D,1-1,1,1,2,0,D,0,0,0,0
19/09/2020,2020,2,Genclerbirligi,Konyaspor,0-0,0,0,T1,1,0,0,D,0-0,0,0,0,0,D,0,0,0,0
19/09/2020,2020,2,Alanyaspor,Kayserispor,2-0,2,0,T1,1,2,2,H,1-0,1,0,1,1,H,0,0,0,0
19/09/2020,2020,2,Denizlispor,Trabzonspor,0-0,0,0,T1,1,0,0,D,0-0,0,0,0,0,D,0,0,1,0
19/09/2020,2020,2,Besiktas,Antalyaspor,1-1,1,1,T1,1,2,0,D,1-0,1,0,1,1,H,0,0,0,0
20/09/2020,2020,2,BB Erzurumspor,Sivasspor,1-2,1,2,T1,1,3,-1,A,0-0,0,0,0,0,D,0,0,0,0
20/09/2020,2020,2,Kasimpasa,Caykur Rizespor,2-0,2,0,T1,1,2,2,H,1-0,1,0,1,1,H,0,0,1,0
20/09/2020,2020,2,Gaziantep FK,Fatih Karagumruk,2-2,2,2,T1,1,4,0,D,0-1,0,1,1,-1,A,0,0,0,0
20/09/2020,2020,2,Basaksehir FK,Galatasaray,0-2,0,2,T1,1,2,-2,A,0-1,0,1,1,-1,A,0,0,0,0
21/09/2020,2020,2,Fenerbahce,Hatayspor,0-0,0,0,T1,1,0,0,D,0-0,0,0,0,0,D,0,0,0,2
25/09/2020,2020,3,Fatih Karagumruk,Basaksehir FK,2-0,2,0,T1,1,2,2,H,0-0,0,0,0,0,D,0,0,0,1
26/09/2020,2020,3,Kayserispor,BB Erzurumspor,1-3,1,3,T1,1,4,-2,A,0-2,0,2,2,-2,A,0,0,0,0
26/09/2020,2020,3,Hatayspor,Kasimpasa,1-0,1,0,T1,1,1,1,H,0-0,0,0,0,0,D,0,0,0,0
26/09/2020,2020,3,Goztepe,Gaziantep FK,2-2,2,2,T1,1,4,0,D,0-1,0,1,1,-1,A,0,0,0,0
26/09/2020,2020,3,Trabzonspor,Yeni Malatyaspor,3-1,3,1,T1,1,4,2,H,3-0,3,0,3,3,H,0,0,0,0
27/09/2020,2020,3,Konyaspor,Besiktas,4-1,4,1,T1,1,5,3,H,1-0,1,0,1,1,H,0,0,0,0
27/09/2020,2020,3,Galatasaray,Fenerbahce,0-0,0,0,T1,1,0,0,D,0-0,0,0,0,0,D,0,0,0,0
27/09/2020,2020,3,Caykur Rizespor,Alanyaspor,1-1,1,1,T1,1,2,0,D,0-0,0,0,0,0,D,0,0,0,0
27/09/2020,2020,3,Sivasspor,MKE Ankaragucu,0-0,0,0,T1,1,0,0,D,0-0,0,0,0,0,D,0,0,0,0
28/09/2020,2020,3,Antalyaspor,Denizlispor,1-0,1,0,T1,1,1,1,H,0-0,0,0,0,0,D,0,0,0,0
02/10/2020,2020,4,MKE Ankaragucu,Kayserispor,0-1,0,1,T1,1,1,-1,A,0-1,0,1,1,-1,A,0,0,0,0
02/10/2020,2020,4,Gaziantep FK,Trabzonspor,1-1,1,1,T1,1,2,0,D,0-0,0,0,0,0,D,0,0,0,1
03/10/2020,2020,4,Basaksehir FK,Goztepe,0-0,0,0,T1,1,0,0,D,0-0,0,0,0,0,D,0,0,0,0
03/10/2020,2020,4,Fenerbahce,Fatih Karagumruk,2-1,2,1,T1,1,3,1,H,1-0,1,0,1,1,H,0,0,1,0
03/10/2020,2020,4,Yeni Malatyaspor,Antalyaspor,1-0,1,0,T1,1,1,1,H,1-0,1,0,1,1,H,0,0,0,0
03/10/2020,2020,4,BB Erzurumspor,Caykur Rizespor,0-0,0,0,T1,1,0,0,D,0-0,0,0,0,0,D,0,0,0,0
04/10/2020,2020,4,Denizlispor,Konyaspor,0-0,0,0,T1,1,0,0,D,0-0,0,0,0,0,D,0,0,0,0
04/10/2020,2020,4,Besiktas,Genclerbirligi,0-1,0,1,T1,1,1,-1,A,0-1,0,1,1,-1,A,0,0,0,0
04/10/2020,2020,4,Alanyaspor,Hatayspor,6-0,6,0,T1,1,6,6,H,4-0,4,0,4,4,H,0,0,0,0
04/10/2020,2020,4,Kasimpasa,Galatasaray,1-0,1,0,T1,1,1,1,H,1-0,1,0,1,1,H,0,0,0,0
17/10/2020,2020,5,Trabzonspor,Basaksehir FK,0-2,0,2,T1,1,2,-2,A,0-1,0,1,1,-1,A,0,0,0,0
17/10/2020,2020,5,Caykur Rizespor,MKE Ankaragucu,5-3,5,3,T1,1,8,2,H,2-3,2,3,5,-1,A,0,0,0,1
17/10/2020,2020,5,Konyaspor,Yeni Malatyaspor,1-1,1,1,T1,1,2,0,D,0-0,0,0,0,0,D,0,0,0,0
17/10/2020,2020,5,Kayserispor,Sivasspor,1-3,1,3,T1,1,4,-2,A,0-1,0,1,1,-1,A,0,0,1,0
18/10/2020,2020,5,Fatih Karagumruk,Kasimpasa,1-1,1,1,T1,1,2,0,D,1-0,1,0,1,1,H,0,0,1,0
18/10/2020,2020,5,Antalyaspor,Gaziantep FK,1-1,1,1,T1,1,2,0,D,1-0,1,0,1,1,H,0,0,2,2
18/10/2020,2020,5,Goztepe,Fenerbahce,2-3,2,3,T1,1,5,-1,A,1-2,1,2,3,-1,A,0,0,0,0
19/10/2020,2020,5,Genclerbirligi,Denizlispor,1-2,1,2,T1,1,3,-1,A,0-2,0,2,2,-2,A,0,0,0,0
19/10/2020,2020,5,Galatasaray,Alanyaspor,1-2,1,2,T1,1,3,-1,A,1-1,1,1,2,0,D,0,0,1,0
23/10/2020,2020,6,Kasimpasa,Goztepe,0-0,0,0,T1,1,0,0,D,0-0,0,0,0,0,D,0,0,0,0
24/10/2020,2020,6,Gaziantep FK,Konyaspor,1-0,1,0,T1,1,1,1,H,0-0,0,0,0,0,D,0,0,0,0
24/10/2020,2020,6,Basaksehir FK,Antalyaspor,5-1,5,1,T1,1,6,4,H,4-1,4,1,5,3,H,0,0,0,1
24/10/2020,2020,6,BB Erzurumspor,Galatasaray,1-2,1,2,T1,1,3,-1,A,1-1,1,1,2,0,D,0,0,0,1
25/10/2020,2020,6,Fenerbahce,Trabzonspor,3-1,3,1,T1,1,4,2,H,0-1,0,1,1,-1,A,0,0,0,0
25/10/2020,2020,6,Alanyaspor,Fatih Karagumruk,2-0,2,0,T1,1,2,2,H,1-0,1,0,1,1,H,0,0,0,0
25/10/2020,2020,6,Yeni Malatyaspor,Genclerbirligi,2-1,2,1,T1,1,3,1,H,1-1,1,1,2,0,D,0,0,0,0
26/10/2020,2020,6,Denizlispor,Besiktas,2-3,2,3,T1,1,5,-1,A,0-2,0,2,2,-2,A,0,0,0,1
26/10/2020,2020,6,Sivasspor,Caykur Rizespor,0-2,0,2,T1,1,2,-2,A,0-1,0,1,1,-1,A,0,0,0,0
30/10/2020,2020,7,Fatih Karagumruk,BB Erzurumspor,5-1,5,1,T1,1,6,4,H,3-0,3,0,3,3,H,0,0,0,0
30/10/2020,2020,7,Trabzonspor,Kasimpasa,3-4,3,4,T1,1,7,-1,A,3-2,3,2,5,1,H,0,0,0,0
31/10/2020,2020,7,Genclerbirligi,Gaziantep FK,1-1,1,1,T1,1,2,0,D,0-1,0,1,1,-1,A,0,0,0,0
31/10/2020,2020,7,Galatasaray,MKE Ankaragucu,1-0,1,0,T1,1,1,1,H,1-0,1,0,1,1,H,0,0,0,0
01/11/2020,2020,7,Caykur Rizespor,Kayserispor,1-0,1,0,T1,1,1,1,H,1-0,1,0,1,1,H,0,0,0,0
01/11/2020,2020,7,Besiktas,Yeni Malatyaspor,1-0,1,0,T1,1,1,1,H,0-0,0,0,0,0,D,0,0,0,0
01/11/2020,2020,7,Konyaspor,Basaksehir FK,1-2,1,2,T1,1,3,-1,A,0-1,0,1,1,-1,A,0,0,0,0
02/11/2020,2020,7,Antalyaspor,Fenerbahce,1-2,1,2,T1,1,3,-1,A,0-0,0,0,0,0,D,0,0,1,1
02/11/2020,2020,7,Hatayspor,Sivasspor,1-1,1,1,T1,1,2,0,D,1-1,1,1,2,0,D,0,0,1,0
06/11/2020,2020,8,Gaziantep FK,Besiktas,3-1,3,1,T1,1,4,2,H,1-0,1,0,1,1,H,0,0,0,1
07/11/2020,2020,8,Kasimpasa,Antalyaspor,2-2,2,2,T1,1,4,0,D,1-0,1,0,1,1,H,0,0,0,0
07/11/2020,2020,8,Alanyaspor,Trabzonspor,1-1,1,1,T1,1,2,0,D,0-0,0,0,0,0,D,0,0,0,0
07/11/2020,2020,8,BB Erzurumspor,Goztepe,1-1,1,1,T1,1,2,0,D,0-1,0,1,1,-1,A,0,0,1,0
07/11/2020,2020,8,Fenerbahce,Konyaspor,0-2,0,2,T1,1,2,-2,A,0-0,0,0,0,0,D,0,0,0,0
08/11/2020,2020,8,Sivasspor,Galatasaray,1-2,1,2,T1,1,3,-1,A,0-1,0,1,1,-1,A,0,0,0,0
08/11/2020,2020,8,MKE Ankaragucu,Fatih Karagumruk,2-2,2,2,T1,1,4,0,D,1-2,1,2,3,-1,A,0,0,0,0
08/11/2020,2020,8,Yeni Malatyaspor,Denizlispor,2-0,2,0,T1,1,2,2,H,2-0,2,0,2,2,H,0,0,0,0
08/11/2020,2020,8,Kayserispor,Hatayspor,0-1,0,1,T1,1,1,-1,A,0-0,0,0,0,0,D,0,0,1,0
08/11/2020,2020,8,Basaksehir FK,Genclerbirligi,2-1,2,1,T1,1,3,1,H,0-1,0,1,1,-1,A,0,0,0,1
21/11/2020,2020,9,Besiktas,Basaksehir FK,3-2,3,2,T1,1,5,1,H,2-0,2,0,2,2,H,0,0,0,1
21/11/2020,2020,9,Denizlispor,Gaziantep FK,0-1,0,1,T1,1,1,-1,A,0-1,0,1,1,-1,A,0,0,0,0
21/11/2020,2020,9,Genclerbirligi,Fenerbahce,1-5,1,5,T1,1,6,-4,A,1-2,1,2,3,-1,A,0,0,0,0
21/11/2020,2020,9,Fatih Karagumruk,Sivasspor,1-1,1,1,T1,1,2,0,D,0-1,0,1,1,-1,A,0,0,0,0
22/11/2020,2020,9,Hatayspor,Caykur Rizespor,2-2,2,2,T1,1,4,0,D,1-1,1,1,2,0,D,0,0,0,0
22/11/2020,2020,9,Konyaspor,Kasimpasa,2-1,2,1,T1,1,3,1,H,0-1,0,1,1,-1,A,0,0,0,0
22/11/2020,2020,9,Goztepe,MKE Ankaragucu,3-1,3,1,T1,1,4,2,H,1-0,1,0,1,1,H,0,0,0,0
22/11/2020,2020,9,Trabzonspor,BB Erzurumspor,1-0,1,0,T1,1,1,1,H,1-0,1,0,1,1,H,0,0,0,0
22/11/2020,2020,9,Antalyaspor,Alanyaspor,0-2,0,2,T1,1,2,-2,A,0-0,0,0,0,0,D,0,0,1,0
23/11/2020,2020,9,Galatasaray,Kayserispor,1-1,1,1,T1,1,2,0,D,0-0,0,0,0,0,D,0,0,0,1
27/11/2020,2020,10,MKE Ankaragucu,Trabzonspor,0-1,0,1,T1,1,1,-1,A,0-1,0,1,1,-1,A,0,0,0,1
28/11/2020,2020,10,Gaziantep FK,Yeni Malatyaspor,2-2,2,2,T1,1,4,0,D,1-0,1,0,1,1,H,0,0,1,0
28/11/2020,2020,10,Caykur Rizespor,Galatasaray,0-4,0,4,T1,1,4,-4,A,0-1,0,1,1,-1,A,0,0,1,0
28/11/2020,2020,10,Basaksehir FK,Denizlispor,3-3,3,3,T1,1,6,0,D,2-0,2,0,2,2,H,0,0,0,0
29/11/2020,2020,10,BB Erzurumspor,Antalyaspor,2-2,2,2,T1,1,4,0,D,1-0,1,0,1,1,H,0,0,0,1
29/11/2020,2020,10,Alanyaspor,Konyaspor,1-0,1,0,T1,1,1,1,H,1-0,1,0,1,1,H,0,0,0,0
29/11/2020,2020,10,Kasimpasa,Genclerbirligi,2-0,2,0,T1,1,2,2,H,2-0,2,0,2,2,H,0,0,0,0
29/11/2020,2020,10,Fenerbahce,Besiktas,3-4,3,4,T1,1,7,-1,A,1-2,1,2,3,-1,A,0,0,0,1
30/11/2020,2020,10,Kayserispor,Fatih Karagumruk,0-0,0,0,T1,1,0,0,D,0-0,0,0,0,0,D,0,0,0,0
30/11/2020,2020,10,Sivasspor,Goztepe,0-1,0,1,T1,1,1,-1,A,0-0,0,0,0,0,D,0,0,0,0
04/12/2020,2020,11,Besiktas,Kasimpasa,3-0,3,0,T1,1,3,3,H,1-0,1,0,1,1,H,0,0,0,1
05/12/2020,2020,11,Goztepe,Kayserispor,1-1,1,1,T1,1,2,0,D,0-0,0,0,0,0,D,0,0,0,0
05/12/2020,2020,11,Genclerbirligi,Alanyaspor,2-1,2,1,T1,1,3,1,H,1-0,1,0,1,1,H,0,0,0,0
05/12/2020,2020,11,Konyaspor,BB Erzurumspor,2-0,2,0,T1,1,2,2,H,1-0,1,0,1,1,H,0,0,0,1
05/12/2020,2020,11,Yeni Malatyaspor,Basaksehir FK,1-1,1,1,T1,1,2,0,D,0-1,0,1,1,-1,A,0,0,0,0
05/12/2020,2020,11,Galatasaray,Hatayspor,3-0,3,0,T1,1,3,3,H,1-0,1,0,1,1,H,0,0,0,1
06/12/2020,2020,11,Antalyaspor,MKE Ankaragucu,1-0,1,0,T1,1,1,1,H,1-0,1,0,1,1,H,0,0,0,0
06/12/2020,2020,11,Fatih Karagumruk,Caykur Rizespor,2-1,2,1,T1,1,3,1,H,2-1,2,1,3,1,H,0,0,0,0
06/12/2020,2020,11,Denizlispor,Fenerbahce,0-2,0,2,T1,1,2,-2,A,0-2,0,2,2,-2,A,0,0,0,1
07/12/2020,2020,11,Trabzonspor,Sivasspor,1-1,1,1,T1,1,2,0,D,1-0,1,0,1,1,H,0,0,0,0
09/12/2020,2020,5,Hatayspor,BB Erzurumspor,3-0,3,0,T1,1,3,3,H,1-0,1,0,1,1,H,0,0,0,0
09/12/2020,2020,7,Goztepe,Alanyaspor,1-0,1,0,T1,1,1,1,H,0-0,0,0,0,0,D,0,0,0,0
11/12/2020,2020,12,Kasimpasa,Denizlispor,3-2,3,2,T1,1,5,1,H,2-1,2,1,3,1,H,0,0,0,0
12/12/2020,2020,12,Hatayspor,Fatih Karagumruk,3-1,3,1,T1,1,4,2,H,1-0,1,0,1,1,H,0,0,0,2
12/12/2020,2020,12,Caykur Rizespor,Goztepe,3-2,3,2,T1,1,5,1,H,1-0,1,0,1,1,H,0,0,0,0
12/12/2020,2020,12,Kayserispor,Trabzonspor,0-0,0,0,T1,1,0,0,D,0-0,0,0,0,0,D,0,0,0,0
12/12/2020,2020,12,MKE Ankaragucu,Konyaspor,4-3,4,3,T1,1,7,1,H,1-2,1,2,3,-1,A,0,0,1,0
12/12/2020,2020,12,Fenerbahce,Yeni Malatyaspor,0-3,0,3,T1,1,3,-3,A,0-2,0,2,2,-2,A,0,0,0,0
13/12/2020,2020,12,Alanyaspor,Besiktas,2-1,2,1,T1,1,3,1,H,1-0,1,0,1,1,H,0,0,1,0
13/12/2020,2020,12,BB Erzurumspor,Genclerbirligi,0-1,0,1,T1,1,1,-1,A,0-0,0,0,0,0,D,0,0,0,0
13/12/2020,2020,12,Basaksehir FK,Gaziantep FK,1-2,1,2,T1,1,3,-1,A,0-1,0,1,1,-1,A,0,0,0,0
14/12/2020,2020,12,Sivasspor,Antalyaspor,0-0,0,0,T1,1,0,0,D,0-0,0,0,0,0,D,0,0,0,0
15/12/2020,2020,6,MKE Ankaragucu,Hatayspor,2-0,2,0,T1,1,2,2,H,0-0,0,0,0,0,D,0,0,0,1
18/12/2020,2020,13,Fatih Karagumruk,Galatasaray,2-1,2,1,T1,1,3,1,H,0-0,0,0,0,0,D,0,0,1,1
19/12/2020,2020,13,Yeni Malatyaspor,Kasimpasa,2-0,2,0,T1,1,2,2,H,1-0,1,0,1,1,H,0,0,0,0
19/12/2020,2020,13,Trabzonspor,Caykur Rizespor,2-1,2,1,T1,1,3,1,H,0-1,0,1,1,-1,A,0,0,0,0
19/12/2020,2020,13,Goztepe,Hatayspor,0-1,0,1,T1,1,1,-1,A,0-0,0,0,0,0,D,0,0,0,0
19/12/2020,2020,13,Gaziantep FK,Fenerbahce,3-1,3,1,T1,1,4,2,H,2-1,2,1,3,1,H,0,0,0,0
20/12/2020,2020,13,Besiktas,BB Erzurumspor,4-0,4,0,T1,1,4,4,H,0-0,0,0,0,0,D,0,0,0,0
20/12/2020,2020,13,Denizlispor,Alanyaspor,1-0,1,0,T1,1,1,1,H,1-0,1,0,1,1,H,0,0,1,0
20/12/2020,2020,13,Genclerbirligi,MKE Ankaragucu,1-1,1,1,T1,1,2,0,D,0-0,0,0,0,0,D,0,0,1,0
21/12/2020,2020,13,Antalyaspor,Kayserispor,2-0,2,0,T1,1,2,2,H,2-0,2,0,2,2,H,0,0,0,0
21/12/2020,2020,13,Konyaspor,Sivasspor,0-1,0,1,T1,1,1,-1,A,0-0,0,0,0,0,D,0,0,0,0
22/12/2020,2020,14,Hatayspor,Trabzonspor,0-1,0,1,T1,1,1,-1,A,0-0,0,0,0,0,D,0,0,0,0
22/12/2020,2020,14,Galatasaray,Goztepe,3-1,3,1,T1,1,4,2,H,2-1,2,1,3,1,H,0,0,0,0
23/12/2020,2020,14,Kasimpasa,Gaziantep FK,0-4,0,4,T1,1,4,-4,A,0-2,0,2,2,-2,A,0,0,0,0
23/12/2020,2020,14,Alanyaspor,Yeni Malatyaspor,1-1,1,1,T1,1,2,0,D,1-0,1,0,1,1,H,0,0,0,0
23/12/2020,2020,14,BB Erzurumspor,Denizlispor,1-2,1,2,T1,1,3,-1,A,0-1,0,1,1,-1,A,0,0,1,0
23/12/2020,2020,14,Fenerbahce,Basaksehir FK,4-1,4,1,T1,1,5,3,H,1-1,1,1,2,0,D,0,0,0,2
24/12/2020,2020,14,Kayserispor,Konyaspor,1-2,1,2,T1,1,3,-1,A,1-0,1,0,1,1,H,0,0,1,0
24/12/2020,2020,14,Sivasspor,Genclerbirligi,3-1,3,1,T1,1,4,2,H,1-0,1,0,1,1,H,0,0,0,0
24/12/2020,2020,14,MKE Ankaragucu,Besiktas,0-1,0,1,T1,1,1,-1,A,0-0,0,0,0,0,D,0,0,0,0
24/12/2020,2020,14,Caykur Rizespor,Antalyaspor,2-1,2,1,T1,1,3,1,H,1-0,1,0,1,1,H,0,0,0,0
26/12/2020,2020,15,Goztepe,Fatih Karagumruk,1-1,1,1,T1,1,2,0,D,1-0,1,0,1,1,H,0,0,0,0
26/12/2020,2020,15,Trabzonspor,Galatasaray,0-2,0,2,T1,1,2,-2,A,0-1,0,1,1,-1,A,0,0,0,0
27/12/2020,2020,15,Yeni Malatyaspor,BB Erzurumspor,1-3,1,3,T1,1,4,-2,A,0-1,0,1,1,-1,A,0,0,0,0
27/12/2020,2020,15,Basaksehir FK,Kasimpasa,2-2,2,2,T1,1,4,0,D,1-1,1,1,2,0,D,0,0,0,1
27/12/2020,2020,15,Gaziantep FK,Alanyaspor,3-1,3,1,T1,1,4,2,H,2-1,2,1,3,1,H,0,0,0,0
27/12/2020,2020,15,Denizlispor,MKE Ankaragucu,1-2,1,2,T1,1,3,-1,A,0-2,0,2,2,-2,A,0,0,0,0
28/12/2020,2020,15,Konyaspor,Caykur Rizespor,1-1,1,1,T1,1,2,0,D,1-0,1,0,1,1,H,0,0,0,1
28/12/2020,2020,15,Besiktas,Sivasspor,3-0,3,0,T1,1,3,3,H,1-0,1,0,1,1,H,0,0,0,1
28/12/2020,2020,15,Genclerbirligi,Kayserispor,3-2,3,2,T1,1,5,1,H,1-1,1,1,2,0,D,0,0,0,0
29/12/2020,2020,15,Antalyaspor,Hatayspor,0-6,0,6,T1,1,6,-6,A,0-5,0,5,5,-5,A,0,0,0,0
02/01/2021,2020,16,BB Erzurumspor,Gaziantep FK,1-1,1,1,T1,1,2,0,D,0-0,0,0,0,0,D,0,0,0,0
02/01/2021,2020,16,Sivasspor,Denizlispor,2-2,2,2,T1,1,4,0,D,2-1,2,1,3,1,H,0,0,0,0
02/01/2021,2020,16,MKE Ankaragucu,Yeni Malatyaspor,3-1,3,1,T1,1,4,2,H,2-0,2,0,2,2,H,0,0,0,1
02/01/2021,2020,16,Alanyaspor,Basaksehir FK,3-0,3,0,T1,1,3,3,H,2-0,2,0,2,2,H,0,0,0,0
02/01/2021,2020,16,Hatayspor,Konyaspor,2-1,2,1,T1,1,3,1,H,1-1,1,1,2,0,D,0,0,0,0
02/01/2021,2020,16,Galatasaray,Antalyaspor,0-0,0,0,T1,1,0,0,D,0-0,0,0,0,0,D,0,0,1,0
03/01/2021,2020,16,Kayserispor,Besiktas,0-2,0,2,T1,1,2,-2,A,0-0,0,0,0,0,D,0,0,1,0
03/01/2021,2020,16,Fatih Karagumruk,Trabzonspor,1-2,1,2,T1,1,3,-1,A,0-0,0,0,0,0,D,0,0,0,0
03/01/2021,2020,16,Caykur Rizespor,Genclerbirligi,1-1,1,1,T1,1,2,0,D,1-0,1,0,1,1,H,0,0,0,0
04/01/2021,2020,16,Kasimpasa,Fenerbahce,0-3,0,3,T1,1,3,-3,A,0-2,0,2,2,-2,A,0,0,0,0
05/01/2021,2020,17,Gaziantep FK,MKE Ankaragucu,2-0,2,0,T1,1,2,2,H,0-0,0,0,0,0,D,0,0,0,0
05/01/2021,2020,17,Yeni Malatyaspor,Sivasspor,2-2,2,2,T1,1,4,0,D,1-2,1,2,3,-1,A,0,0,0,0
05/01/2021,2020,17,Konyaspor,Galatasaray,4-3,4,3,T1,1,7,1,H,1-1,1,1,2,0,D,0,0,0,0
06/01/2021,2020,17,Denizlispor,Kayserispor,0-1,0,1,T1,1,1,-1,A,0-1,0,1,1,-1,A,0,0,0,0
06/01/2021,2020,17,Genclerbirligi,Hatayspor,3-1,3,1,T1,1,4,2,H,1-1,1,1,2,0,D,0,0,0,1
06/01/2021,2020,17,Basaksehir FK,BB Erzurumspor,1-0,1,0,T1,1,1,1,H,1-0,1,0,1,1,H,0,0,0,0
06/01/2021,2020,17,Trabzonspor,Goztepe,1-0,1,0,T1,1,1,1,H,1-0,1,0,1,1,H,0,0,0,0
06/01/2021,2020,17,Besiktas,Caykur Rizespor,6-0,6,0,T1,1,6,6,H,2-0,2,0,2,2,H,0,0,0,0
06/01/2021,2020,17,Antalyaspor,Fatih Karagumruk,3-1,3,1,T1,1,4,2,H,2-1,2,1,3,1,H,0,0,0,1
07/01/2021,2020,17,Fenerbahce,Alanyaspor,2-1,2,1,T1,1,3,1,H,1-0,1,0,1,1,H,0,0,0,0
09/01/2021,2020,18,Galatasaray,Genclerbirligi,6-0,6,0,T1,1,6,6,H,4-0,4,0,4,4,H,0,0,0,0
09/01/2021,2020,18,Sivasspor,Gaziantep FK,2-1,2,1,T1,1,3,1,H,1-1,1,1,2,0,D,0,0,0,1
09/01/2021,2020,18,Goztepe,Antalyaspor,0-1,0,1,T1,1,1,-1,A,0-0,0,0,0,0,D,0,0,0,0
09/01/2021,2020,18,Kayserispor,Yeni Malatyaspor,1-0,1,0,T1,1,1,1,H,1-0,1,0,1,1,H,0,0,0,0
10/01/2021,2020,18,Fatih Karagumruk,Konyaspor,2-1,2,1,T1,1,3,1,H,0-0,0,0,0,0,D,0,0,0,0
10/01/2021,2020,18,MKE Ankaragucu,Basaksehir FK,1-2,1,2,T1,1,3,-1,A,1-1,1,1,2,0,D,0,0,0,0
10/01/2021,2020,18,Caykur Rizespor,Denizlispor,1-1,1,1,T1,1,2,0,D,0-1,0,1,1,-1,A,0,0,0,0
10/01/2021,2020,18,Hatayspor,Besiktas,2-2,2,2,T1,1,4,0,D,2-2,2,2,4,0,D,0,0,0,0
11/01/2021,2020,18,BB Erzurumspor,Fenerbahce,0-3,0,3,T1,1,3,-3,A,0-1,0,1,1,-1,A,0,0,0,0
11/01/2021,2020,18,Alanyaspor,Kasimpasa,1-2,1,2,T1,1,3,-1,A,1-2,1,2,3,-1,A,0,0,0,1
15/01/2021,2020,19,Genclerbirligi,Fatih Karagumruk,1-3,1,3,T1,1,4,-2,A,0-2,0,2,2,-2,A,0,0,0,0
